,sensacion_termica,humedad,velocidad_viento,estacion_map,a√±o_map,mes_map,festivo_map,prevision_tiempo_map,dia_sem_domingo,dia_sem_jueves,dia_sem_lunes,dia_sem_martes,dia_sem_miercoles,dia_sem_sabado,dia_sem_viernes,laborable
0,-0.4563991203197833,0.8567140298507462,-0.20890882308794095,0.0,0.0,0.0,1,1.5,0.0,0.0,1.0,0.0,0.0,0.0,0.0,0
1,-0.4928625107770049,0.3325540298507464,0.6875500863711644,0.0,0.0,0.0,1,1.5,0.0,0.0,0.0,1.0,0.0,0.0,0.0,0
2,-1.098989843105253,-0.9035725373134327,0.6852095422964299,0.0,0.0,0.0,1,2.0,0.0,0.0,0.0,0.0,1.0,0.0,0.0,1
3,-1.0152007634960376,-0.17205253731343256,-0.21043526487581127,0.0,0.0,0.0,1,2.0,0.0,1.0,0.0,0.0,0.0,0.0,0.0,1
4,-0.9519523091605695,-0.9050817910447758,0.060294450620880104,0.0,0.0,0.0,1,2.0,0.0,0.0,0.0,0.0,0.0,0.0,1.0,1
5,-0.9374237541321458,-0.5167641791044776,-0.9302115902724953,0.0,0.0,0.0,1,2.0,0.0,0.0,0.0,0.0,0.0,1.0,0.0,1
6,-1.0273097368797173,-0.6102089552238805,-0.12464923639749573,0.0,0.0,0.0,1,1.5,1.0,0.0,0.0,0.0,0.0,0.0,0.0,1
7,-1.1991332291364107,-0.4328382089552236,0.8734198147408484,0.0,0.0,0.0,1,1.5,0.0,0.0,1.0,0.0,0.0,0.0,0.0,0
8,-1.3690903977463962,-0.9184071641791043,1.8416520170656192,0.0,0.0,0.0,1,2.0,0.0,0.0,0.0,1.0,0.0,0.0,0.0,0
9,-1.2410554318409202,-0.6855713432835819,0.4303751739507619,0.0,0.0,0.0,1,2.0,0.0,0.0,0.0,0.0,1.0,0.0,0.0,1
10,-1.0913954549855465,0.28611582089552234,-0.5988027608243804,0.0,0.0,0.0,1,1.5,0.0,1.0,0.0,0.0,0.0,0.0,0.0,1
11,-1.205702245766424,-0.12854208955223848,1.2583171996916585,0.0,0.0,0.0,1,2.0,0.0,0.0,0.0,0.0,0.0,0.0,1.0,1
12,-1.2410738737741882,-0.7452728358208954,1.221407837260953,0.0,0.0,0.0,1,2.0,0.0,0.0,0.0,0.0,0.0,1.0,0.0,1
13,-1.1026487226655972,-0.4233194029850743,-0.5538643145894762,0.0,0.0,0.0,1,2.0,1.0,0.0,0.0,0.0,0.0,0.0,0.0,1
14,-0.882455727833949,-0.6099510447761192,-0.23417652281648874,0.0,0.0,0.0,1,1.5,0.0,0.0,1.0,0.0,0.0,0.0,0.0,0
15,-0.9337058603853443,-0.6815928358208954,0.0758946856929156,0.0,0.0,0.0,1,2.0,0.0,0.0,0.0,1.0,0.0,0.0,0.0,0
16,-1.145588920086493,-0.42487641791044756,0.13271902531603696,0.0,0.0,0.0,0,1.5,0.0,0.0,0.0,0.0,1.0,0.0,0.0,0
17,-0.9406547808406758,1.1233838805970153,-0.34802872763444764,0.0,0.0,0.0,1,1.5,0.0,1.0,0.0,0.0,0.0,0.0,0.0,1
18,-0.6968929952926968,0.5505934328358213,0.2782398090930136,0.0,0.0,0.0,1,1.5,0.0,0.0,0.0,0.0,0.0,0.0,1.0,1
19,-0.8568657012314603,-0.4208979104477609,0.1519216630074464,0.0,0.0,0.0,1,1.5,0.0,0.0,0.0,0.0,0.0,1.0,0.0,1
20,-1.2154395865318564,-0.8089576119402982,1.7530369831404506,0.0,0.0,0.0,1,2.0,1.0,0.0,0.0,0.0,0.0,0.0,0.0,1
21,-1.50594945988188,-1.0815928358208953,-0.09163738866515202,0.0,0.0,0.0,1,2.0,0.0,0.0,1.0,0.0,0.0,0.0,0.0,0
22,-1.4330318999340705,-0.9071594029850744,0.6678182821932935,0.0,0.0,0.0,1,2.0,0.0,0.0,0.0,1.0,0.0,0.0,0.0,0
23,-1.3626172791693756,-0.6434364179104474,-0.2304418285754991,0.0,0.0,0.0,1,2.0,0.0,0.0,0.0,0.0,1.0,0.0,0.0,1
24,-0.9325661489093904,-0.045380298507462384,-0.5208117617427894,0.0,0.0,0.0,1,1.5,0.0,1.0,0.0,0.0,0.0,0.0,0.0,1
25,-1.0466331945577858,1.1273623880597017,1.1486474453724647,0.0,0.0,0.0,1,0.0,0.0,0.0,0.0,0.0,0.0,0.0,1.0,1
26,-0.9872501694352621,0.29154149253731365,-0.6832149916936125,0.0,0.0,0.0,1,2.0,0.0,0.0,0.0,0.0,0.0,1.0,0.0,1
27,-0.9739092749092889,0.7956274626865673,-0.5869168674361628,0.0,0.0,0.0,1,1.5,1.0,0.0,0.0,0.0,0.0,0.0,0.0,1
28,-1.0151860099494232,0.12074268656716454,-0.36237728044042944,0.0,0.0,0.0,1,2.0,0.0,0.0,1.0,0.0,0.0,0.0,0.0,0
29,-0.8743043933295529,0.457148656716418,-1.0887844689636224,0.0,0.0,0.0,1,2.0,0.0,0.0,0.0,1.0,0.0,0.0,0.0,0
30,-1.1106267029972754,-0.10845850746268637,0.06326592396793458,0.0,0.0,0.0,1,1.5,0.0,0.0,0.0,0.0,1.0,0.0,0.0,1
31,-0.9325513953627761,0.9700608955223885,-1.3001417046793073,0.0,0.0,0.5,1,1.5,0.0,1.0,0.0,0.0,0.0,0.0,0.0,1
32,-0.8592004499831719,0.7114435820895527,0.8480198233906848,0.0,0.0,0.5,1,1.5,0.0,0.0,0.0,0.0,0.0,0.0,1.0,1
33,-1.1415058760609877,-0.9009313432835818,0.9848297126982145,0.0,0.0,0.5,1,2.0,0.0,0.0,0.0,0.0,0.0,1.0,0.0,1
34,-0.9544714772449598,-0.19697432835820863,-0.5407267389352051,0.0,0.0,0.5,1,1.5,1.0,0.0,0.0,0.0,0.0,0.0,0.0,1
35,-0.9010968339811064,1.4457719402985079,-0.20246723874312772,0.0,0.0,0.5,1,1.5,0.0,0.0,1.0,0.0,0.0,0.0,0.0,0
36,-0.7217932935909672,-0.2776143283582087,-0.3986557135988154,0.0,0.0,0.5,1,2.0,0.0,0.0,0.0,1.0,0.0,0.0,0.0,0
37,-0.677580602774589,0.5343259701492536,-1.3795645061579207,0.0,0.0,0.5,1,2.0,0.0,0.0,0.0,0.0,1.0,0.0,0.0,1
38,-1.066380816701015,-0.42288477611940284,1.8416520170656192,0.0,0.0,0.5,1,2.0,0.0,1.0,0.0,0.0,0.0,0.0,0.0,1
39,-1.2654172256877692,-0.6288979104477611,0.0800262547987513,0.0,0.0,0.5,1,1.5,0.0,0.0,0.0,0.0,0.0,0.0,1.0,1
40,-1.2459978699567078,-0.9030089552238804,0.41682037087447305,0.0,0.0,0.5,1,2.0,0.0,0.0,0.0,0.0,0.0,1.0,0.0,1
41,-1.010084971207532,-0.5735856716417908,-0.7370169765767508,0.0,0.0,0.5,1,2.0,1.0,0.0,0.0,0.0,0.0,0.0,0.0,1
42,-0.938364292728807,-0.39303402985074615,0.22786723009329096,0.0,0.0,0.5,1,2.0,0.0,0.0,1.0,0.0,0.0,0.0,0.0,0
43,-0.6021346537757555,-0.8074865671641789,0.8131660692343115,0.0,0.0,0.5,1,2.0,0.0,0.0,0.0,1.0,0.0,0.0,0.0,0
44,-0.32831989377446436,-1.1970173134328355,2.411096214169959,0.0,0.0,0.5,1,2.0,0.0,0.0,0.0,0.0,1.0,0.0,0.0,1
45,-0.8597278892746328,-1.490677014925373,1.1234509795940175,0.0,0.0,0.5,1,2.0,0.0,1.0,0.0,0.0,0.0,0.0,0.0,1
46,-0.6313208573654777,-0.9694591044776117,0.7206433443321946,0.0,0.0,0.5,1,2.0,0.0,0.0,0.0,0.0,0.0,0.0,1.0,1
47,-0.2165322710779771,-0.5801002985074625,0.4999503906418943,0.0,0.0,0.5,1,2.0,0.0,0.0,0.0,0.0,0.0,1.0,0.0,1
48,0.09080254683098452,-0.5243773134328357,0.8542985872781251,0.0,0.0,0.5,1,2.0,1.0,0.0,0.0,0.0,0.0,0.0,0.0,1
49,-0.35393942747018176,-2.094526567164179,3.3224328429215073,0.0,0.0,0.5,1,2.0,0.0,0.0,1.0,0.0,0.0,0.0,0.0,0
50,-0.7746884465898561,-1.044214925373134,0.43004953303601634,0.0,0.0,0.5,1,2.0,0.0,0.0,0.0,1.0,0.0,0.0,0.0,0
51,-0.7498102786115071,-0.10248835820895502,1.2910746404593574,0.0,0.0,0.5,0,1.5,0.0,0.0,0.0,0.0,1.0,0.0,0.0,0
52,-1.1114270829011008,-0.23250388059701477,0.14967270543998412,0.0,0.0,0.5,1,2.0,0.0,1.0,0.0,0.0,0.0,0.0,0.0,1
53,-0.8912894138692561,-0.9715367164179104,-0.8839319105199824,0.0,0.0,0.5,1,2.0,0.0,0.0,0.0,0.0,0.0,0.0,1.0,1
54,-0.730940492491828,0.3387820895522387,0.7074650635635803,0.0,0.0,0.5,1,1.5,0.0,0.0,0.0,0.0,0.0,1.0,0.0,1
55,-0.5049530422274167,0.4093874626865673,1.6848253877798156,0.0,0.0,0.5,1,1.5,1.0,0.0,0.0,0.0,0.0,0.0,0.0,1
56,-0.7567555106801848,-0.42288477611940284,0.056946454966151056,0.0,0.0,0.5,1,2.0,0.0,0.0,1.0,0.0,0.0,0.0,0.0,0
57,-0.5025629676759015,0.25572059701492555,-0.5670934767510194,0.0,0.0,0.5,1,2.0,0.0,0.0,0.0,1.0,0.0,0.0,0.0,0
58,-0.32179882617094746,1.1935785074626866,1.1062734213411825,0.0,0.0,0.5,1,1.5,0.0,0.0,0.0,0.0,1.0,0.0,0.0,1
59,-0.8243009354670653,-0.43681671641791026,0.36074907586670085,0.0,0.0,1.0,1,2.0,0.0,1.0,0.0,0.0,0.0,0.0,0.0,1
60,-0.617043112629497,-0.8447785074626863,1.2909423488377418,0.0,0.0,1.0,1,2.0,0.0,0.0,0.0,0.0,0.0,0.0,1.0,1
61,-1.059420831085723,-1.4716441791044774,0.45568357879365295,0.0,0.0,1.0,1,2.0,0.0,0.0,0.0,0.0,0.0,1.0,0.0,1
62,-0.8545457060263628,-0.07661611940298493,0.22765352824298904,0.0,0.0,1.0,1,1.5,1.0,0.0,0.0,0.0,0.0,0.0,0.0,1
63,-0.40050530897153963,0.7771152238805975,0.7214574466190588,0.0,0.0,1.0,1,1.5,0.0,0.0,1.0,0.0,0.0,0.0,0.0,0
64,-0.4467097285808472,1.5369671641791045,1.651732129818786,0.0,0.0,1.0,1,1.5,0.0,0.0,0.0,1.0,0.0,0.0,0.0,0
65,-0.918052347427581,-0.3589468656716415,1.632041030755258,0.0,0.0,1.0,1,2.0,0.0,0.0,0.0,0.0,1.0,0.0,0.0,1
66,-0.6822205931847838,-0.9820919402985072,-0.6138840056885396,0.0,0.0,1.0,1,2.0,0.0,1.0,0.0,0.0,0.0,0.0,0.0,1
67,-0.7404675952180069,0.7114435820895527,0.3986557135988154,0.0,0.0,1.0,1,1.5,0.0,0.0,0.0,0.0,0.0,0.0,1.0,1
68,-0.3750960133150758,-0.0009958208955221882,0.8232812901485991,0.0,0.0,1.0,1,0.0,0.0,0.0,0.0,0.0,0.0,1.0,0.0,1
69,-0.6726307878854941,0.11035940298507509,0.5291156050688044,0.0,0.0,1.0,1,1.5,1.0,0.0,0.0,0.0,0.0,0.0,0.0,1
70,-0.5960967648238564,-0.15224119402985048,0.4050158877149422,0.0,0.0,1.0,1,2.0,0.0,0.0,1.0,0.0,0.0,0.0,0.0,0
71,-0.395666145682052,-0.47315820895522365,0.9120896733668981,0.0,0.0,1.0,1,2.0,0.0,0.0,0.0,1.0,0.0,0.0,0.0,0
72,-0.5730443482390258,-0.6185146268656714,-0.4482548954260172,0.0,0.0,1.0,1,2.0,0.0,0.0,0.0,0.0,1.0,0.0,0.0,1
73,-0.6240252285647107,0.1394316417910452,0.0339277128050658,0.0,0.0,1.0,1,1.5,0.0,1.0,0.0,0.0,0.0,0.0,0.0,1
74,-0.44420900242972483,0.7167211940298507,0.2253231604468403,0.0,0.0,1.0,1,1.5,0.0,0.0,0.0,0.0,0.0,0.0,1.0,1
75,-0.2841219565047005,-0.11243701492537299,0.29108227266829656,0.0,0.0,1.0,1,2.0,0.0,0.0,0.0,0.0,0.0,1.0,0.0,1
76,0.14622424468757061,-0.4835414925373131,0.509241332990732,0.0,0.0,1.0,1,2.0,1.0,0.0,0.0,0.0,0.0,0.0,0.0,1
77,-0.07686413366713214,-1.1810937313432834,1.9049179410335537,0.0,0.0,1.0,1,2.0,0.0,0.0,1.0,0.0,0.0,0.0,0.0,0
78,-0.5960967648238564,-0.729354029850746,0.27217474705587524,2.2,0.0,1.0,1,2.0,0.0,0.0,0.0,1.0,0.0,0.0,0.0,0
79,-0.28632761172353693,0.5298268656716417,1.097084241778203,2.2,0.0,1.0,1,1.5,0.0,0.0,0.0,0.0,1.0,0.0,0.0,1
80,-0.17233064542155954,-0.008957611940298248,0.4556428736793097,2.2,0.0,1.0,1,2.0,0.0,1.0,0.0,0.0,0.0,0.0,0.0,1
81,-0.5511390199034565,1.0178220895522392,0.5422531807230754,2.2,0.0,1.0,1,1.5,0.0,0.0,0.0,0.0,0.0,0.0,1.0,1
82,-0.7986518946781193,0.8567140298507462,0.6391924105314309,2.2,0.0,1.0,1,1.5,0.0,0.0,0.0,0.0,0.0,1.0,0.0,1
83,-0.8522109572746512,-0.6278614925373133,0.5062698596436775,2.2,0.0,1.0,1,2.0,1.0,0.0,0.0,0.0,0.0,0.0,0.0,1
84,-0.847567278477803,-1.1094519402985072,0.2910008624396101,2.2,0.0,1.0,1,2.0,0.0,0.0,1.0,0.0,0.0,0.0,0.0,0
85,-0.8742416907564422,-0.633053134328358,0.03383612629779359,2.2,0.0,1.0,1,1.5,0.0,0.0,0.0,1.0,0.0,0.0,0.0,0
86,-0.8475562133178423,-1.5488214925373134,0.3177950039560282,2.2,0.0,1.0,1,2.0,0.0,0.0,0.0,0.0,1.0,0.0,0.0,1
87,-0.7172307593004976,-1.4915414925373134,0.4683225167972197,2.2,0.0,1.0,1,2.0,0.0,1.0,0.0,0.0,0.0,0.0,0.0,1
88,-0.7008469457853268,0.09651820895522437,-0.08229556492338533,2.2,0.0,1.0,1,1.5,0.0,0.0,0.0,0.0,0.0,0.0,1.0,1
89,-0.8475525249311887,1.3940274626865672,0.3731743120199657,2.2,0.0,1.0,1,0.0,0.0,0.0,0.0,0.0,0.0,1.0,0.0,1
90,-0.7521007667233757,0.2855713432835823,0.7910326633101906,2.2,0.0,1.7,1,1.5,1.0,0.0,0.0,0.0,0.0,0.0,0.0,1
91,-0.6333974190514392,0.13034746268656736,0.16456060101101316,2.2,0.0,1.7,1,1.5,0.0,0.0,1.0,0.0,0.0,0.0,0.0,0
92,-0.40054956961138244,-0.6995032835820894,0.012598232889223536,2.2,0.0,1.7,1,2.0,0.0,0.0,0.0,1.0,0.0,0.0,0.0,0
93,0.20494336021245133,-0.9562197014925371,2.0820258935408615,2.2,0.0,1.7,1,2.0,0.0,0.0,0.0,0.0,1.0,0.0,0.0,1
94,-0.32831989377446436,0.07462447761194022,2.107425884891025,2.2,0.0,1.7,1,1.5,0.0,1.0,0.0,0.0,0.0,0.0,0.0,1
95,-0.3679405432071443,-0.7432859701492535,0.8353503565513609,2.2,0.0,1.7,1,2.0,0.0,0.0,0.0,0.0,0.0,0.0,1.0,1
96,-0.19795017911727691,-0.11243701492537299,-0.18991988724683317,2.2,0.0,1.7,1,2.0,0.0,0.0,0.0,0.0,0.0,1.0,0.0,1
97,-0.6007847042605479,1.0019892537313435,0.46828181168287647,2.2,0.0,1.7,1,1.5,1.0,0.0,0.0,0.0,0.0,0.0,0.0,1
98,-0.5378977118171298,1.1990041791044779,-0.4873623340312565,2.2,0.0,1.7,1,1.5,0.0,0.0,1.0,0.0,0.0,0.0,0.0,0
99,-0.22361766183949075,1.1034817910447763,-0.3481101378631341,2.2,0.0,1.7,1,1.5,0.0,0.0,0.0,1.0,0.0,0.0,0.0,0
100,0.287150121947284,0.4322268656716419,1.460285800784082,2.2,0.0,1.7,1,1.5,0.0,0.0,0.0,0.0,1.0,0.0,0.0,1
101,0.020985075865503022,0.5383092537313438,0.9555932643212043,2.2,0.0,1.7,1,1.5,0.0,1.0,0.0,0.0,0.0,0.0,0.0,1
102,-0.2584876692623689,0.9203988059701498,0.7086963932724623,2.2,0.0,1.7,1,1.5,0.0,0.0,0.0,0.0,0.0,0.0,1.0,1
103,-0.09081730037759851,-0.41094447761194014,-0.7151379776172753,2.2,0.0,1.7,1,2.0,0.0,0.0,0.0,0.0,0.0,1.0,0.0,1
104,-0.16764270598486844,0.21392955223880616,0.4620030477954365,2.2,0.0,1.7,0,2.0,1.0,0.0,0.0,0.0,0.0,0.0,0.0,0
105,-0.22820970322318893,1.2507438805970148,1.6265051352045814,2.2,0.0,1.7,1,0.0,0.0,0.0,1.0,0.0,0.0,0.0,0.0,0
106,-0.15368953927440207,-0.7014949253731341,1.246807828611116,2.2,0.0,1.7,1,2.0,0.0,0.0,0.0,1.0,0.0,0.0,0.0,0
107,0.058208273973360675,-0.4009958208955222,-0.17714865762165094,2.2,0.0,1.7,1,2.0,0.0,0.0,0.0,0.0,1.0,0.0,0.0,1
108,0.006983960128540446,0.18805731343283574,-0.23409511258780227,2.2,0.0,1.7,1,1.5,0.0,1.0,0.0,0.0,0.0,0.0,0.0,1
109,0.2841072029580862,-0.058705671641790906,0.6202441798046661,2.2,0.0,1.7,1,2.0,0.0,0.0,0.0,0.0,0.0,0.0,1.0,1
110,-0.12345952226171857,-1.047763582089552,1.4682640031953516,2.2,0.0,1.7,1,2.0,0.0,0.0,0.0,0.0,0.0,1.0,0.0,1
111,-0.6100978805608194,0.49253492537313426,0.3922548343683457,2.2,0.0,1.7,1,1.5,1.0,0.0,0.0,0.0,0.0,0.0,0.0,1
112,-0.13736842833234217,1.2487570149253737,0.5062698596436775,2.2,0.0,1.7,1,1.5,0.0,0.0,1.0,0.0,0.0,0.0,0.0,0
113,0.2375265679101141,0.8805946268656716,0.11397432016098859,2.2,0.0,1.7,1,1.5,0.0,0.0,0.0,1.0,0.0,0.0,0.0,0
114,0.32138941525240117,0.717413731343284,0.04434822207692752,2.2,0.0,1.7,1,2.0,0.0,0.0,0.0,0.0,1.0,0.0,0.0,1
115,0.393619091089319,0.490548059701493,1.480902941198918,2.2,0.0,1.7,1,2.0,0.0,1.0,0.0,0.0,0.0,0.0,0.0,1
116,0.323757359483995,0.9980107462686572,1.3353821574219416,2.2,0.0,1.7,1,1.5,0.0,0.0,0.0,0.0,0.0,0.0,1.0,1
117,0.33772527974107536,0.35522149253731333,1.4239971913471101,2.2,0.0,1.7,1,1.5,0.0,0.0,0.0,0.0,0.0,1.0,0.0,1
118,0.037247172621105884,-0.8089576119402982,0.6012959490779018,2.2,0.0,1.7,1,2.0,1.0,0.0,0.0,0.0,0.0,0.0,0.0,1
119,-0.0860998538476789,-0.5880620895522386,0.5505366714919189,2.2,0.0,1.7,1,2.0,0.0,0.0,1.0,0.0,0.0,0.0,0.0,0
120,-0.1444390655472413,0.6477588059701491,-0.7593640843511732,2.2,0.0,2.0,1,1.5,0.0,0.0,0.0,1.0,0.0,0.0,0.0,0
121,0.16770540855797916,0.4945265671641793,0.025226994614204565,2.2,0.0,2.0,1,1.5,0.0,0.0,0.0,0.0,1.0,0.0,0.0,1
122,0.34934369769983015,0.33731104477611934,1.6454228370955881,2.2,0.0,2.0,1,1.5,0.0,1.0,0.0,0.0,0.0,0.0,0.0,1
123,-0.30508305785695505,0.5283558208955224,1.5063029325490815,2.2,0.0,2.0,1,1.5,0.0,0.0,0.0,0.0,0.0,0.0,1.0,1
124,-0.16762795243825418,-0.8706459701492536,1.1643392669517723,2.2,0.0,2.0,1,2.0,0.0,0.0,0.0,0.0,0.0,1.0,0.0,1
125,-0.04886190219320673,-0.17413014925373113,0.48104286502947297,2.2,0.0,2.0,1,2.0,1.0,0.0,0.0,0.0,0.0,0.0,0.0,1
126,0.09315573751596379,-0.4069659701492535,-0.20886811797359772,2.2,0.0,2.0,1,2.0,0.0,0.0,1.0,0.0,0.0,0.0,0.0,0
127,0.11643683407331615,0.024876417910447902,-1.0821200241177802,2.2,0.0,2.0,1,2.0,0.0,0.0,0.0,1.0,0.0,0.0,0.0,0
128,0.1397216190173217,-0.18010029850746248,-0.05062698596436781,2.2,0.0,2.0,1,2.0,0.0,0.0,0.0,0.0,1.0,0.0,0.0,1
129,0.1304084427170502,-0.6557205970149252,-0.6645516967672507,2.2,0.0,2.0,1,2.0,0.0,1.0,0.0,0.0,0.0,0.0,0.0,1
130,0.15135479052269074,0.030846567164179245,-0.6139654159172261,2.2,0.0,2.0,1,2.0,0.0,0.0,0.0,0.0,0.0,0.0,1.0,1
131,0.132776386948644,0.5781086567164181,0.0884522134677959,2.2,0.0,2.0,1,2.0,0.0,0.0,0.0,0.0,0.0,1.0,0.0,1
132,0.025580805635854884,1.131340895522388,-0.012720348232253239,2.2,0.0,2.0,1,1.5,1.0,0.0,0.0,0.0,0.0,0.0,0.0,1
133,0.048924604766317714,1.4139295522388062,-0.46836322191156293,2.2,0.0,2.0,1,1.5,0.0,0.0,1.0,0.0,0.0,0.0,0.0,0
134,0.17938652908984468,1.149251343283582,-0.2848950952881285,2.2,0.0,2.0,1,1.5,0.0,0.0,0.0,1.0,0.0,0.0,0.0,0
135,0.23291239620649454,0.7711450746268661,-0.550577376606262,2.2,0.0,2.0,1,2.0,0.0,0.0,0.0,0.0,1.0,0.0,0.0,1
136,0.18871445893673042,1.00995104477612,0.9807795538210653,2.2,0.0,2.0,1,1.5,0.0,1.0,0.0,0.0,0.0,0.0,0.0,1
137,0.14677381429895314,1.1631832835820897,0.20878670774491123,2.2,0.0,2.0,1,1.5,0.0,0.0,0.0,0.0,0.0,0.0,1.0,1
138,0.08622525899390035,0.9701468656716418,-0.7404463824601663,2.2,0.0,2.0,1,1.5,0.0,0.0,0.0,0.0,0.0,1.0,0.0,1
139,0.15372273475428452,0.4447737313432835,-0.5694849022186831,2.2,0.0,2.0,1,2.0,1.0,0.0,0.0,0.0,0.0,0.0,0.0,1
140,0.31207623895212944,0.0009958208955225276,-0.6138840056885396,2.2,0.0,2.0,1,2.0,0.0,0.0,1.0,0.0,0.0,0.0,0.0,0
141,0.32138941525240117,0.5880573134328357,-0.33548137613815304,2.2,0.0,2.0,1,2.0,0.0,0.0,0.0,1.0,0.0,0.0,0.0,0
142,0.3796511708322386,0.8766161194029852,0.5379893199956243,2.2,0.0,2.0,1,1.5,0.0,0.0,0.0,0.0,1.0,0.0,0.0,1
143,0.4331954798821562,0.5462662686567163,0.2657738678254055,2.2,0.0,2.0,1,1.5,0.0,1.0,0.0,0.0,0.0,0.0,0.0,1
144,0.4727681802883399,0.33333253731343304,-0.2721340419415323,2.2,0.0,2.0,1,2.0,0.0,0.0,0.0,0.0,0.0,0.0,1.0,1
145,0.6171537642291045,0.24378029850746288,0.1899605923611764,2.2,0.0,2.0,1,2.0,0.0,0.0,0.0,0.0,0.0,1.0,0.0,1
146,0.5519430881939357,0.13034746268656736,0.6075645366867561,2.2,0.0,2.0,1,2.0,1.0,0.0,0.0,0.0,0.0,0.0,0.0,1
147,0.4611018133030889,0.49253492537313426,0.4998282752988646,2.2,0.0,2.0,1,2.0,0.0,0.0,1.0,0.0,0.0,0.0,0.0,0
148,0.4727976873815684,0.9184071641791047,0.3354406710238098,2.2,0.0,2.0,1,2.0,0.0,0.0,0.0,1.0,0.0,0.0,0.0,0
149,0.6776580588943142,0.27960119402985095,-0.5062698596436775,2.2,0.0,2.0,0,2.0,0.0,0.0,0.0,0.0,1.0,0.0,0.0,0
150,0.8779042587034405,0.04875701492537327,-0.7087370983868054,2.2,0.0,2.0,1,2.0,0.0,1.0,0.0,0.0,0.0,0.0,0.0,1
151,0.8616163432412622,0.24178865671641783,0.2657738678254055,2.2,0.0,2.5,1,1.5,0.0,0.0,0.0,0.0,0.0,0.0,1.0,1
152,0.57751836124981,-1.5353241791044774,1.132741921942855,2.2,0.0,2.5,1,2.0,0.0,0.0,0.0,0.0,0.0,1.0,0.0,1
153,0.36798480384698734,-1.3004967164179102,0.7341777948513117,2.2,0.0,2.5,1,2.0,1.0,0.0,0.0,0.0,0.0,0.0,0.0,1
154,0.3958800721079593,-0.8129361194029848,-0.5885247194527197,2.2,0.0,2.5,1,2.0,0.0,0.0,1.0,0.0,0.0,0.0,0.0,0
155,0.4774229242451488,0.12437731343283602,-0.43028358744349,2.2,0.0,2.5,1,1.5,0.0,0.0,0.0,1.0,0.0,0.0,0.0,0
156,0.4960640303923063,-0.1263689552238804,-0.6012043625706296,2.2,0.0,2.5,1,2.0,0.0,0.0,0.0,0.0,1.0,0.0,0.0,1
157,0.6218085081859134,-0.13631761194029837,0.06953451157678885,2.2,0.0,2.5,1,2.0,0.0,1.0,0.0,0.0,0.0,0.0,0.0,1
158,0.8848974397986147,-0.020897910447760935,-0.4493641097918697,2.2,0.0,2.5,1,2.0,0.0,0.0,0.0,0.0,0.0,0.0,1.0,1
159,0.9966555554018734,-0.2776143283582087,-0.31640085378977334,2.2,0.0,2.5,1,1.5,0.0,0.0,0.0,0.0,0.0,1.0,0.0,1
160,0.7964241091393615,-0.10248835820895502,-0.41133535671672544,2.2,0.0,2.5,1,2.0,1.0,0.0,0.0,0.0,0.0,0.0,0.0,1
161,0.7032775925900313,0.13432597014925365,-0.265855278054092,2.2,0.0,2.5,1,2.0,0.0,0.0,1.0,0.0,0.0,0.0,0.0,0
162,0.5752426266845555,0.5801002985074631,-0.17714865762165094,2.2,0.0,2.5,1,2.0,0.0,0.0,0.0,1.0,0.0,0.0,0.0,0
163,0.42154386644351943,-0.629853134328358,1.265674649109194,2.2,0.0,2.5,1,2.0,0.0,0.0,0.0,0.0,1.0,0.0,0.0,1
164,0.3842616541492047,-0.5701516417910445,0.8986468093550529,2.2,0.0,2.5,1,2.0,0.0,1.0,0.0,0.0,0.0,0.0,0.0,1
165,0.37027529195885617,-0.739302686567164,-0.13293272716633886,2.2,0.0,2.5,1,2.0,0.0,0.0,0.0,0.0,0.0,0.0,1.0,1
166,0.39827752343278156,0.2955199999999999,0.25945439882362226,2.2,0.0,2.5,1,1.5,0.0,0.0,0.0,0.0,0.0,1.0,0.0,1
167,0.41685592700682833,0.522385671641791,-0.3861490672168641,2.2,0.0,2.5,1,2.0,1.0,0.0,0.0,0.0,0.0,0.0,0.0,1
168,0.5775626218896528,0.2099510447761199,-0.6265229436921064,2.2,0.0,2.5,1,2.0,0.0,0.0,1.0,0.0,0.0,0.0,0.0,0
169,0.5845410494382127,0.19204059701492585,-0.8036716013137576,2.2,0.0,2.5,1,1.5,0.0,0.0,0.0,1.0,0.0,0.0,0.0,0
170,0.39827752343278156,0.5721385074626868,-0.25949510393796554,2.2,0.0,2.5,1,1.5,0.0,0.0,0.0,0.0,1.0,0.0,0.0,1
171,0.5542962788789152,0.6875629850746273,-0.10125397192873561,2.5,0.0,2.5,1,1.5,0.0,1.0,0.0,0.0,0.0,0.0,0.0,1
172,0.7615209062366013,0.38706388059701513,-0.08866591531809782,2.5,0.0,2.5,1,2.0,0.0,0.0,0.0,0.0,0.0,0.0,1.0,1
173,0.7615356597832156,0.36716179104477603,0.5884840143383764,2.5,0.0,2.5,1,1.5,0.0,0.0,0.0,0.0,0.0,1.0,0.0,1
174,0.624143256937625,-0.2537337313432833,0.41773623594719517,2.5,0.0,2.5,1,2.0,1.0,0.0,0.0,0.0,0.0,0.0,0.0,1
175,0.5751983660447126,-0.6835844776119401,0.2910008624396101,2.5,0.0,2.5,1,2.0,0.0,0.0,1.0,0.0,0.0,0.0,0.0,0
176,0.5542335763058045,-0.5403008955223878,-0.8796548206303696,2.5,0.0,2.5,1,2.0,0.0,0.0,0.0,1.0,0.0,0.0,0.0,0
177,0.5519283346473214,0.15223641791044767,-0.7468065565762929,2.5,0.0,2.5,1,1.5,0.0,0.0,0.0,0.0,1.0,0.0,0.0,1
178,0.7568329667999097,0.03681671641791059,-0.37338801387026765,2.5,0.0,2.5,1,2.0,0.0,1.0,0.0,0.0,0.0,0.0,0.0,1
179,0.6171537642291045,-0.6139295522388059,0.8227114185477944,2.5,0.0,2.5,1,2.0,0.0,0.0,0.0,0.0,0.0,0.0,1.0,1
180,0.5519430881939357,-0.9184071641791043,0.04413452022662561,2.5,0.0,2.5,1,2.0,0.0,0.0,0.0,0.0,0.0,1.0,0.0,1
181,0.6078368995421793,-1.0995032835820893,-0.7974844239335895,2.5,0.0,2.6,1,2.0,1.0,0.0,0.0,0.0,0.0,0.0,0.0,1
182,0.6637012037971944,-0.8686591044776116,-0.6707490504260045,2.5,0.0,2.6,1,2.0,0.0,0.0,1.0,0.0,0.0,0.0,0.0,0
183,0.6683743896872713,0.26766089552238825,0.48727074752398425,2.5,0.0,2.6,1,1.5,0.0,0.0,0.0,1.0,0.0,0.0,0.0,0
184,0.6567264646352882,0.054727164179104615,-1.0124969789172948,2.5,0.0,2.6,0,1.5,0.0,0.0,0.0,0.0,1.0,0.0,0.0,0
185,0.7707750683504152,-0.17213850746268644,-0.5568154353793588,2.5,0.0,2.6,1,2.0,0.0,1.0,0.0,0.0,0.0,0.0,0.0,1
186,0.7312908892239176,0.558206567164179,-0.31640085378977334,2.5,0.0,2.6,1,2.0,0.0,0.0,0.0,0.0,0.0,0.0,1.0,1
187,0.735857111901041,0.11840716417910467,-0.22158846620585096,2.5,0.0,2.6,1,2.0,0.0,0.0,0.0,0.0,0.0,1.0,0.0,1
188,0.6754118314222882,0.6278614925373139,0.44932340467752646,2.5,0.0,2.6,1,1.5,1.0,0.0,0.0,0.0,0.0,0.0,0.0,1
189,0.6520827858384399,-0.08258626865671628,-0.13293272716633886,2.5,0.0,2.6,1,2.0,0.0,0.0,1.0,0.0,0.0,0.0,0.0,0
190,0.7474902834064097,-0.22985313432835794,0.025399991350163242,2.5,0.0,2.6,1,2.0,0.0,0.0,0.0,1.0,0.0,0.0,0.0,0
191,0.8942106160988861,0.04477373134328384,1.0314879500141194,2.5,0.0,2.6,1,2.0,0.0,0.0,0.0,0.0,1.0,0.0,0.0,1
192,0.9291433260948747,-0.32139223880597,0.19618847485568772,2.5,0.0,2.6,1,2.0,0.0,1.0,0.0,0.0,0.0,0.0,0.0,1
193,0.745199795294541,0.024876417910447902,-0.3545618984865331,2.5,0.0,2.6,1,2.0,0.0,0.0,0.0,0.0,0.0,0.0,1.0,1
194,0.5449204000055328,-0.7174137313432833,0.6074424213437267,2.5,0.0,2.6,1,2.0,0.0,0.0,0.0,0.0,0.0,1.0,0.0,1
195,0.5053329460527349,-0.1681599999999998,0.018907525612421046,2.5,0.0,2.6,1,2.0,1.0,0.0,0.0,0.0,0.0,0.0,0.0,1
196,0.5565720134441697,-0.19801074626865653,0.2784942160576588,2.5,0.0,2.6,1,2.0,0.0,0.0,1.0,0.0,0.0,0.0,0.0,0
197,0.673014380097466,-0.10646686567164165,0.651872053649341,2.5,0.0,2.6,1,2.0,0.0,0.0,0.0,1.0,0.0,0.0,0.0,0
198,0.7987588578910729,0.11840716417910467,0.3544296068649176,2.5,0.0,2.6,1,2.0,0.0,0.0,0.0,0.0,1.0,0.0,0.0,1
199,0.959402850200787,0.11442865671641839,-0.5126300337598043,2.5,0.0,2.6,1,2.0,0.0,1.0,0.0,0.0,0.0,0.0,0.0,1
200,0.9570828549956897,0.3850722388059701,-0.6834185172653287,2.5,0.0,2.6,1,2.0,0.0,0.0,0.0,0.0,0.0,0.0,1.0,1
201,1.2503870500744598,0.30945194029850764,0.41769553083285194,2.5,0.0,2.6,1,1.5,0.0,0.0,0.0,0.0,0.0,1.0,0.0,1
202,1.3039608662176063,-0.21989970149253718,-0.4871893372952978,2.5,0.0,2.6,1,2.0,1.0,0.0,0.0,0.0,0.0,0.0,0.0,1
203,1.168932719216956,-0.6039808955223879,-0.5063105647580207,2.5,0.0,2.6,1,2.0,0.0,0.0,1.0,0.0,0.0,0.0,0.0,0
204,1.1340479582474636,-0.3611964179104475,-0.12012079242681342,2.5,0.0,2.6,1,2.0,0.0,0.0,0.0,1.0,0.0,0.0,0.0,0
205,0.86158314776138,0.6238782089552238,-0.917561458362484,2.5,0.0,2.6,1,2.0,0.0,0.0,0.0,0.0,1.0,0.0,0.0,1
206,0.7731393241953559,-0.4089576119402982,0.19622917997003095,2.5,0.0,2.6,1,2.0,0.0,1.0,0.0,0.0,0.0,0.0,0.0,1
207,0.7498582276380035,-1.0676608955223879,0.025318581121476773,2.5,0.0,2.6,1,2.0,0.0,0.0,0.0,0.0,0.0,0.0,1.0,1
208,0.9314485677533577,-0.20597253731343257,-0.025399991350163242,2.5,0.0,2.6,1,2.0,0.0,0.0,0.0,0.0,0.0,1.0,0.0,1
209,1.1013614757235004,-0.4009958208955222,-0.06957521669113209,2.5,0.0,2.6,1,2.0,1.0,0.0,0.0,0.0,0.0,0.0,0.0,1
210,0.8895374302088093,-0.7671665671641789,-0.1265725530502124,2.5,0.0,2.6,1,2.0,0.0,0.0,1.0,0.0,0.0,0.0,0.0,0
211,0.8941811090056576,-0.6955247761194028,-0.16446901450374093,2.5,0.0,2.6,1,2.0,0.0,0.0,0.0,1.0,0.0,0.0,0.0,0
212,0.7964241091393615,-0.3611964179104475,-0.24685616593439874,2.5,0.0,2.5,1,2.0,0.0,0.0,0.0,0.0,1.0,0.0,0.0,1
213,0.8103625223032133,-0.6457719402985073,0.25313492982183877,2.5,0.0,2.5,1,2.0,0.0,1.0,0.0,0.0,0.0,0.0,0.0,1
214,0.7102818388451666,0.1482579104477614,-0.46192163756675003,2.5,0.0,2.5,1,1.5,0.0,0.0,0.0,0.0,0.0,0.0,1.0,1
215,0.6544064694301909,0.6258698507462689,0.1646013061253564,2.5,0.0,2.5,1,1.5,0.0,0.0,0.0,0.0,0.0,1.0,0.0,1
216,0.6240842427511679,0.02089313432835847,0.03786593261777133,2.5,0.0,2.5,1,2.0,1.0,0.0,0.0,0.0,0.0,0.0,0.0,1
217,0.6963286721347,0.6139295522388062,0.4810835701438162,2.5,0.0,2.5,1,1.5,0.0,0.0,1.0,0.0,0.0,0.0,0.0,0
218,0.8406847489822362,0.6039808955223885,0.20873582635198226,2.5,0.0,2.5,1,2.0,0.0,0.0,0.0,1.0,0.0,0.0,0.0,0
219,0.7963909136594792,-0.16418149253731318,0.11397432016098859,2.5,0.0,2.5,1,2.0,0.0,0.0,0.0,0.0,1.0,0.0,0.0,1
220,0.873249514746631,-0.2676608955223879,-0.3038026209005498,2.5,0.0,2.5,1,2.0,0.0,1.0,0.0,0.0,0.0,0.0,0.0,1
221,0.7288934378990953,-0.9661683582089551,0.19622917997003095,2.5,0.0,2.5,1,2.0,0.0,0.0,0.0,0.0,0.0,0.0,1.0,1
222,0.6054726436972392,-0.9681599999999998,-0.16464201123969963,2.5,0.0,2.5,1,2.0,0.0,0.0,0.0,0.0,0.0,1.0,0.0,1
223,0.6147710664508964,-1.0099510447761193,-0.563297724838515,2.5,0.0,2.5,1,2.0,1.0,0.0,0.0,0.0,0.0,0.0,0.0,1
224,0.5845853100780559,0.49253492537313426,0.31016279501667626,2.5,0.0,2.5,1,1.5,0.0,0.0,1.0,0.0,0.0,0.0,0.0,0
225,0.5053956486258457,0.9124370149253733,0.4239234133273632,2.5,0.0,2.5,1,1.5,0.0,0.0,0.0,1.0,0.0,0.0,0.0,0
226,0.47507342194682295,0.4089528358208954,0.2847220985521698,2.5,0.0,2.5,1,2.0,0.0,0.0,0.0,0.0,1.0,0.0,0.0,1
227,0.5845078539583305,-0.22985313432835794,0.563297724838515,2.5,0.0,2.5,1,2.0,0.0,1.0,0.0,0.0,0.0,0.0,0.0,1
228,0.6613517014988686,-0.24378029850746255,-0.37965660147912217,2.5,0.0,2.5,1,2.0,0.0,0.0,0.0,0.0,0.0,0.0,1.0,1
229,0.6450748511966514,0.13432597014925365,0.5315375593722254,2.5,0.0,2.5,1,2.0,0.0,0.0,0.0,0.0,0.0,1.0,0.0,1
230,0.5379751679368551,0.4606973134328363,-0.4240149998346354,2.5,0.0,2.5,1,1.5,1.0,0.0,0.0,0.0,0.0,0.0,0.0,1
231,0.5961594673969677,0.22786149253731391,-0.7785667220425826,2.5,0.0,2.5,1,2.0,0.0,0.0,1.0,0.0,0.0,0.0,0.0,0
232,0.6940086769296027,0.6855713432835823,0.689737986267112,2.5,0.0,2.5,1,2.0,0.0,0.0,0.0,1.0,0.0,0.0,0.0,0
233,0.5565388179642875,-0.7472644776119401,0.9746330815552405,2.5,0.0,2.5,1,2.0,0.0,0.0,0.0,0.0,1.0,0.0,0.0,1
234,0.4378207167457365,-0.8169146268656715,-0.34815084297747734,2.5,0.0,2.5,1,2.0,0.0,1.0,0.0,0.0,0.0,0.0,0.0,1
235,0.5286472380899693,-0.10248835820895502,0.7340455032296963,2.5,0.0,2.5,1,2.0,0.0,0.0,0.0,0.0,0.0,0.0,1.0,1
236,0.5845705565314417,0.6935331343283587,0.30384332601489306,2.5,0.0,2.5,1,1.5,0.0,0.0,0.0,0.0,0.0,1.0,0.0,1
237,0.6357616748963795,0.6437802985074629,-0.9872262263051713,2.5,0.0,2.5,1,2.0,1.0,0.0,0.0,0.0,0.0,0.0,0.0,1
238,0.5465875507729477,1.0676608955223883,1.9807312164977828,2.5,0.0,2.5,1,1.5,0.0,0.0,1.0,0.0,0.0,0.0,0.0,0
239,0.5923346104372125,-0.30898388059701487,1.2586428406064043,2.5,0.0,2.5,1,2.0,0.0,0.0,0.0,1.0,0.0,0.0,0.0,0
240,0.444795455907643,-0.3432859701492535,-0.2152282920897242,2.5,0.0,2.5,1,2.0,0.0,0.0,0.0,0.0,1.0,0.0,0.0,1
241,0.3959095792011878,-0.3731367164179102,-0.5695357836116121,2.5,0.0,2.5,1,2.0,0.0,1.0,0.0,0.0,0.0,0.0,0.0,1
242,0.456461822892894,-0.13631761194029837,-0.9936291407913583,2.5,0.0,2.5,1,2.0,0.0,0.0,0.0,0.0,0.0,0.0,1.0,1
243,0.4704776921764711,0.06069731343283596,-0.39869641871315864,2.5,0.0,2.6,1,2.0,0.0,0.0,0.0,0.0,0.0,1.0,0.0,1
244,0.43317703794888845,0.48059462686567156,-0.4176955308328522,2.5,0.0,2.6,1,1.5,1.0,0.0,0.0,0.0,0.0,0.0,0.0,1
245,0.5379456608436265,0.4308465671641796,0.04426681184824105,2.5,0.0,2.6,1,2.0,0.0,0.0,1.0,0.0,0.0,0.0,0.0,0
246,0.656770725275131,0.5522364179104476,0.259413693709279,2.5,0.0,2.6,1,2.0,0.0,0.0,0.0,1.0,0.0,0.0,0.0,0
247,0.5100356390360403,0.7830853731343288,0.32280173302024306,2.5,0.0,2.6,0,1.5,0.0,0.0,0.0,0.0,1.0,0.0,0.0,0
248,0.10266808669552852,1.2441719402985079,1.658407768571072,2.5,0.0,2.6,1,0.0,0.0,1.0,0.0,0.0,0.0,0.0,0.0,1
249,0.20973826286209593,1.3880573134328358,-0.8543413276481857,2.5,0.0,2.6,1,0.0,0.0,0.0,0.0,0.0,0.0,0.0,1.0,1
250,0.25079738308966937,1.4954340298507467,0.11980532779065356,2.5,0.0,2.6,1,0.0,0.0,0.0,0.0,0.0,0.0,1.0,0.0,1
251,0.33778798231418605,1.2965182089552243,-0.5759366628420821,2.5,0.0,2.6,1,1.5,1.0,0.0,0.0,0.0,0.0,0.0,0.0,1
252,0.44481020945425725,0.6079594029850748,-0.2784942160576588,2.5,0.0,2.6,1,2.0,0.0,0.0,1.0,0.0,0.0,0.0,0.0,0
253,0.4494833953443341,0.4169146268656718,-0.6708304606546908,2.5,0.0,2.6,1,2.0,0.0,0.0,0.0,1.0,0.0,0.0,0.0,0
254,0.42329953849062024,0.31386507462686575,-0.9368485591661557,2.5,0.0,2.6,1,2.0,0.0,0.0,0.0,0.0,1.0,0.0,0.0,1
255,0.4285518010853081,0.4109444776119405,-0.3986150084844722,2.5,0.0,2.6,1,2.0,0.0,1.0,0.0,0.0,0.0,0.0,0.0,1
256,0.5146608758996207,0.33731104477611934,-0.13916060966085017,2.5,0.0,2.6,1,2.0,0.0,0.0,0.0,0.0,0.0,0.0,1.0,1
257,0.24456400964513128,0.39502567164179153,0.9176052163604033,2.5,0.0,2.6,1,1.5,0.0,0.0,0.0,0.0,0.0,1.0,0.0,1
258,-0.09549048626767535,-0.17213850746268644,-0.17088007001279668,2.5,0.0,2.6,1,1.5,1.0,0.0,0.0,0.0,0.0,0.0,0.0,1
259,-0.032651442850754026,0.43880358208955217,0.08853362369648238,2.5,0.0,2.6,1,1.5,0.0,0.0,1.0,0.0,0.0,0.0,0.0,0
260,0.01170140665846006,0.3273623880597017,-0.025359286235820008,2.5,0.0,2.6,1,2.0,0.0,0.0,0.0,1.0,0.0,0.0,0.0,0
261,0.1560574835059961,0.3034817910447763,-0.2974831518987663,2.5,0.0,2.6,1,1.5,0.0,0.0,0.0,0.0,1.0,0.0,0.0,1
262,0.1654333623793783,1.2169146268656719,-0.4683225167972197,2.5,0.0,2.6,1,1.5,0.0,1.0,0.0,0.0,0.0,0.0,0.0,1
263,0.23298985232621952,1.306466865671642,-0.8606160210241915,2.5,0.0,2.6,1,1.5,0.0,0.0,0.0,0.0,0.0,0.0,1.0,1
264,0.24932940520154737,1.3164155223880596,-0.5378163232596657,2.5,0.0,2.6,1,1.5,0.0,0.0,0.0,0.0,0.0,1.0,0.0,1
265,0.12821016427152065,1.65273552238806,-1.0441706460156053,2.0,0.0,2.6,1,1.5,1.0,0.0,0.0,0.0,0.0,0.0,0.0,1
266,0.2841809706911578,1.1273623880597017,-1.044001719791081,2.0,0.0,2.6,1,1.5,0.0,0.0,1.0,0.0,0.0,0.0,0.0,0
267,0.3145179509167948,1.043780298507463,-1.3289792429357548,2.0,0.0,2.6,1,1.5,0.0,0.0,0.0,1.0,0.0,0.0,0.0,0
268,0.37502593396865824,1.0596991044776118,-0.7151379776172753,2.0,0.0,2.6,1,1.5,0.0,0.0,0.0,0.0,1.0,0.0,0.0,1
269,0.32148162491874044,1.236816716417911,-0.6391110003027444,2.0,0.0,2.6,1,1.5,0.0,1.0,0.0,0.0,0.0,0.0,0.0,1
270,0.323816373670452,1.061690746268657,-0.32916190713636984,2.0,0.0,2.6,1,1.5,0.0,0.0,0.0,0.0,0.0,0.0,1.0,1
271,0.321433675892244,0.3472644776119408,-0.0823464463163143,2.0,0.0,2.6,1,2.0,0.0,0.0,0.0,0.0,0.0,1.0,0.0,1
272,0.21195129485423975,0.10049671641791065,0.25949510393796527,2.0,0.0,2.6,1,2.0,1.0,0.0,0.0,0.0,0.0,0.0,0.0,1
273,-0.27479033827116106,0.6079594029850748,1.1328335084501273,2.0,0.0,2.0,1,1.5,0.0,0.0,1.0,0.0,0.0,0.0,0.0,0
274,-0.5239261031733957,0.7890555223880602,0.4176141206041657,2.0,0.0,2.0,1,1.5,0.0,0.0,0.0,1.0,0.0,0.0,0.0,0
275,-0.35157148323858795,0.6417886567164178,-0.9935019373090358,2.0,0.0,2.0,1,1.5,0.0,0.0,0.0,0.0,1.0,0.0,0.0,1
276,-0.053505580990055056,0.39900417910447783,0.253175634936182,2.0,0.0,2.0,1,2.0,0.0,1.0,0.0,0.0,0.0,0.0,0.0,1
277,0.1467000465658816,0.1024883582089557,-0.03790663773211457,2.0,0.0,2.0,1,2.0,0.0,0.0,0.0,0.0,0.0,0.0,1.0,1
278,-0.02559555918246914,-0.026868059701492277,-0.4683225167972197,2.0,0.0,2.0,1,2.0,0.0,0.0,0.0,0.0,0.0,1.0,0.0,1
279,0.06284826438355531,0.27562268656716465,-1.6137878398559038,2.0,0.0,2.0,1,2.0,1.0,0.0,0.0,0.0,0.0,0.0,0.0,1
280,0.09544622562783259,0.3572131343283584,-1.3796062289001223,2.0,0.0,2.0,1,2.0,0.0,0.0,1.0,0.0,0.0,0.0,0.0,0
281,0.1350631866738591,0.4825862686567166,-1.1959671407964465,2.0,0.0,2.0,1,2.0,0.0,0.0,0.0,1.0,0.0,0.0,0.0,0
282,0.20492860666583682,0.5124370149253733,-1.4111526925161104,2.0,0.0,2.0,0,2.0,0.0,0.0,0.0,0.0,1.0,0.0,0.0,0
283,0.2166244807443166,0.8706459701492539,-0.38601677559524866,2.0,0.0,2.0,1,1.5,0.0,1.0,0.0,0.0,0.0,0.0,0.0,1
284,0.11195175590257148,1.3363176119402986,0.6835915140012871,2.0,0.0,2.0,1,0.0,0.0,0.0,0.0,0.0,0.0,0.0,1.0,1
285,0.23767779176291062,1.290548059701493,-0.3987880052204309,2.0,0.0,2.0,1,1.5,0.0,0.0,0.0,0.0,0.0,1.0,0.0,1
286,0.1560574835059961,0.4288549253731345,0.4366437615596165,2.0,0.0,2.0,1,1.5,1.0,0.0,0.0,0.0,0.0,0.0,0.0,1
287,0.04190191657791504,-0.6835844776119401,0.7846724891940644,2.0,0.0,2.0,1,2.0,0.0,0.0,1.0,0.0,0.0,0.0,0.0,0
288,0.05823778106658919,-0.6676608955223879,1.025178657290922,2.0,0.0,2.0,1,2.0,0.0,0.0,0.0,1.0,0.0,0.0,0.0,0
289,0.08616255642078963,-0.22388298507462662,-0.056946454966151056,2.0,0.0,2.0,1,2.0,0.0,0.0,0.0,0.0,1.0,0.0,0.0,1
290,0.1304084427170502,0.3592047761194035,-0.7213760363903722,2.0,0.0,2.0,1,1.5,0.0,1.0,0.0,0.0,0.0,0.0,0.0,1
291,0.09768138793989779,1.2836226865671643,0.6346334377249908,2.0,0.0,2.0,1,0.0,0.0,0.0,0.0,0.0,0.0,0.0,1.0,1
292,-0.07686413366713214,0.04676537313432856,2.455536022754159,2.0,0.0,2.0,1,2.0,0.0,0.0,0.0,0.0,0.0,1.0,0.0,1
293,-0.23520288431836306,-0.2497504477611939,0.41133535671672544,2.0,0.0,2.0,1,2.0,1.0,0.0,0.0,0.0,0.0,0.0,0.0,1
294,-0.22820970322318893,0.012936119402985214,-0.8986498622386286,2.0,0.0,2.0,1,2.0,0.0,0.0,1.0,0.0,0.0,0.0,0.0,0
295,-0.23986131666182567,0.5482579104477614,-0.8289850942959414,2.0,0.0,2.0,1,2.0,0.0,0.0,0.0,1.0,0.0,0.0,0.0,0
296,-0.1117488946366248,0.6955199999999999,-0.6327915313009609,2.0,0.0,2.0,1,2.0,0.0,0.0,0.0,0.0,1.0,0.0,0.0,1
297,-0.08848255162588695,-0.016914626865671502,-0.14569378051293536,2.0,0.0,2.0,1,2.0,0.0,1.0,0.0,0.0,0.0,0.0,0.0,1
298,-0.05354984162989809,0.4487570149253736,-0.32902961551475435,2.0,0.0,2.0,1,1.5,0.0,0.0,0.0,0.0,0.0,0.0,1.0,1
299,-0.11182635075634977,0.890548059701493,0.17083936489845344,2.0,0.0,2.0,1,1.5,0.0,0.0,0.0,0.0,0.0,1.0,0.0,1
300,-0.6216867914263453,-0.1940322388059699,0.4935902165257675,2.0,0.0,2.0,1,1.5,1.0,0.0,0.0,0.0,0.0,0.0,0.0,1
301,-0.956957449849468,1.2228847761194033,1.7339971659064137,2.0,0.0,2.0,1,0.0,0.0,0.0,1.0,0.0,0.0,0.0,0.0,0
302,-0.6124031222193024,-0.012936119402984874,-0.04434822207692752,2.0,0.0,2.0,1,2.0,0.0,0.0,0.0,1.0,0.0,0.0,0.0,0
303,-0.48429070019410153,0.36716179104477603,-0.7594047894655164,2.0,0.0,2.0,1,2.0,0.0,0.0,0.0,0.0,1.0,0.0,0.0,1
304,-0.3329746377312735,0.2736310447761196,-0.4620437529097797,2.0,0.0,1.7,1,2.0,0.0,1.0,0.0,0.0,0.0,0.0,0.0,1
305,-0.35862736690687286,0.4407952238805972,-1.0062640082834906,2.0,0.0,1.7,1,2.0,0.0,0.0,0.0,0.0,0.0,0.0,1.0,1
306,-0.30039511842026395,0.3611916417910447,-0.4493641097918697,2.0,0.0,1.7,1,2.0,0.0,0.0,0.0,0.0,0.0,1.0,0.0,1
307,-0.3097230482671499,-0.018906268656716217,0.9240468007052159,2.0,0.0,1.7,1,1.5,1.0,0.0,0.0,0.0,0.0,0.0,0.0,1
308,-0.6030899459190309,-0.512437014925373,0.08229556492338533,2.0,0.0,1.7,1,2.0,0.0,0.0,1.0,0.0,0.0,0.0,0.0,0
309,-0.4610723062098601,0.5164155223880597,-0.9048828328724327,2.0,0.0,1.7,1,2.0,0.0,0.0,0.0,1.0,0.0,0.0,0.0,0
310,-0.31902147102080713,0.6318400000000002,-1.2593144749930674,2.0,0.0,1.7,1,2.0,0.0,0.0,0.0,0.0,1.0,0.0,0.0,1
311,-0.2770660728364154,0.45472716417910497,-1.1391071841982745,2.0,0.0,1.7,1,2.0,0.0,1.0,0.0,0.0,0.0,0.0,0.0,1
312,-0.28874719336828086,0.6298483582089551,-1.20873022939876,2.0,0.0,1.7,1,2.0,0.0,0.0,0.0,0.0,0.0,0.0,1.0,1
313,-0.4191611686653111,0.8925349253731343,0.0823464463163143,2.0,0.0,1.7,1,1.5,0.0,0.0,0.0,0.0,0.0,1.0,0.0,1
314,-0.6659289893359522,-0.8606973134328356,1.3605684469218027,2.0,0.0,1.7,0,2.0,1.0,0.0,0.0,0.0,0.0,0.0,0.0,0
315,-0.47736022167203807,-0.3512429850746267,0.31634997239684437,2.0,0.0,1.7,1,2.0,0.0,0.0,1.0,0.0,0.0,0.0,0.0,0
316,-0.2095538435294172,-0.802987462686567,1.025219362405265,2.0,0.0,1.7,1,2.0,0.0,0.0,0.0,1.0,0.0,0.0,0.0,0
317,0.13738318187895643,-0.18806208955223855,1.2783542922271038,2.0,0.0,1.7,1,2.0,0.0,0.0,0.0,0.0,1.0,0.0,0.0,1
318,0.07455889200864935,0.297511641791045,0.18986900585390418,2.0,0.0,1.7,1,1.5,0.0,1.0,0.0,0.0,0.0,0.0,0.0,1
319,-0.1304822104501215,1.4497504477611942,-0.44924199444884,2.0,0.0,1.7,1,0.0,0.0,0.0,0.0,0.0,0.0,0.0,1.0,1
320,-0.6054246946707424,-0.24179343283582064,1.2657967644522239,2.0,0.0,1.7,1,1.5,0.0,0.0,0.0,0.0,0.0,1.0,0.0,1
321,-0.7916882206761737,-1.0338316417910445,-0.12661325816455563,2.0,0.0,1.7,1,2.0,1.0,0.0,0.0,0.0,0.0,0.0,0.0,1
322,-0.6007699507139334,-0.5940322388059699,0.4428818203327135,2.0,0.0,1.7,1,2.0,0.0,0.0,1.0,0.0,0.0,0.0,0.0,0
323,-0.11178209011650674,0.2776095522388059,0.05062698596436781,2.0,0.0,1.7,1,1.5,0.0,0.0,0.0,1.0,0.0,0.0,0.0,0
324,-0.15602797641276733,1.3542280597014928,-0.4367760531812319,2.0,0.0,1.7,1,0.0,0.0,0.0,0.0,0.0,1.0,0.0,0.0,1
325,-0.24221081896015148,1.6049743283582092,-0.6327915313009609,2.0,0.0,1.7,1,0.0,0.0,1.0,0.0,0.0,0.0,0.0,0.0,1
326,-0.20960179255591366,0.6278614925373139,1.5757967390115268,2.0,0.0,1.7,1,1.5,0.0,0.0,0.0,0.0,0.0,0.0,1.0,1
327,-0.42377165198227723,-0.36915343283582075,-0.13911990454650694,2.0,0.0,1.7,0,2.0,0.0,0.0,0.0,0.0,0.0,1.0,0.0,0
328,-0.3935268814229795,0.08258626865671662,-0.8352608052998058,2.0,0.0,1.7,1,2.0,1.0,0.0,0.0,0.0,0.0,0.0,0.0,1
329,-0.3772389659608018,0.26368238805970196,-1.145382895202139,2.0,0.0,1.7,1,2.0,0.0,0.0,1.0,0.0,0.0,0.0,0.0,0
330,-0.11642208052670164,0.3432811940298507,0.2847220985521698,2.0,0.0,1.7,1,2.0,0.0,0.0,0.0,1.0,0.0,0.0,0.0,0
331,0.010170726197227338,0.5568214925373135,-0.3953789518941871,2.0,0.0,1.7,1,2.0,0.0,0.0,0.0,0.0,1.0,0.0,0.0,1
332,-0.1327431914687615,0.9761170149253731,0.7847640757013363,2.0,0.0,1.7,1,1.5,0.0,1.0,0.0,0.0,0.0,0.0,0.0,1
333,-0.6496853345136172,-0.06268895522388034,0.9177273317034327,2.0,0.0,1.7,1,2.0,0.0,0.0,0.0,0.0,0.0,0.0,1.0,1
334,-0.6705874216794149,-0.4865695522388057,0.39873712382750187,2.0,0.0,1.2,1,2.0,0.0,0.0,0.0,0.0,0.0,1.0,0.0,1
335,-0.5751356634716017,-0.002987462686566904,-0.8163512444316676,2.0,0.0,1.2,1,2.0,1.0,0.0,0.0,0.0,0.0,0.0,0.0,1
336,-0.6519610690788716,-0.06467582089552225,-0.8669344723981164,2.0,0.0,1.2,1,2.0,0.0,0.0,1.0,0.0,0.0,0.0,0.0,0
337,-0.5099729364629296,0.7134304477611939,-0.9872689666752317,2.0,0.0,1.2,1,2.0,0.0,0.0,0.0,1.0,0.0,0.0,0.0,0
338,-0.34464100471652453,0.9582065671641791,-1.2086030259164375,2.0,0.0,1.2,1,1.5,0.0,0.0,0.0,0.0,1.0,0.0,0.0,1
339,-0.11420904853455781,1.5432811940298508,0.5251773852560988,2.0,0.0,1.2,1,0.0,0.0,1.0,0.0,0.0,0.0,0.0,0.0,1
340,-0.3213267126792902,1.6427868656716422,0.8670189355103787,2.0,0.0,1.2,1,0.0,0.0,0.0,0.0,0.0,0.0,0.0,1.0,1
341,-0.8499020272295147,-0.2218913432835819,0.6012450676849729,2.0,0.0,1.2,1,2.0,0.0,0.0,0.0,0.0,0.0,1.0,0.0,1
342,-0.6263710424763829,0.331340895522388,-0.9999038341673641,2.0,0.0,1.2,1,2.0,1.0,0.0,0.0,0.0,0.0,0.0,0.0,1
343,-0.814958252073565,-0.5681599999999998,0.5316698509938408,2.0,0.0,1.2,1,2.0,0.0,0.0,1.0,0.0,0.0,0.0,0.0,0
344,-0.8638588823266344,-0.6517420895522386,-1.1645051402927207,2.0,0.0,1.2,1,2.0,0.0,0.0,0.0,1.0,0.0,0.0,0.0,0
345,-0.8010013969764452,0.2119379104477611,-1.1959671407964465,2.0,0.0,1.2,1,2.0,0.0,0.0,0.0,0.0,1.0,0.0,0.0,1
346,-0.6868753371415927,-0.17413014925373113,-0.4113760618310687,2.0,0.0,1.2,1,2.0,0.0,1.0,0.0,0.0,0.0,0.0,0.0,1
347,-0.5495788323489953,0.17810865671641812,-1.2213233741486909,2.0,0.0,1.2,1,1.5,0.0,0.0,0.0,0.0,0.0,0.0,1.0,1
348,-0.27709926831629755,0.03681671641791059,0.8860180476300719,2.0,0.0,1.2,1,1.5,0.0,0.0,0.0,0.0,0.0,1.0,0.0,1
349,-0.47041498960336015,-0.6019892537313432,0.8100317754298844,2.0,0.0,1.2,1,1.5,1.0,0.0,0.0,0.0,0.0,0.0,0.0,1
350,-0.8778120490371008,-0.31343522388059675,0.6328831178082331,2.0,0.0,1.2,1,1.5,0.0,0.0,1.0,0.0,0.0,0.0,0.0,0
351,-0.8917984112274492,-0.19204059701492518,-0.11393361504664562,2.0,0.0,1.2,1,2.0,0.0,0.0,0.0,1.0,0.0,0.0,0.0,0
352,-0.761399189477033,0.052735522388059904,-0.08221415469469885,2.0,0.0,1.2,1,2.0,0.0,0.0,0.0,0.0,1.0,0.0,0.0,1
353,-0.3353130748696385,-0.14825791044776104,-1.2150904035148864,2.0,0.0,1.2,1,1.5,0.0,1.0,0.0,0.0,0.0,0.0,0.0,1
354,-0.21889652692291744,1.1074602985074626,0.4113760618310687,0.0,0.0,1.2,1,1.5,0.0,0.0,0.0,0.0,0.0,0.0,1.0,1
355,-0.2258897080180916,0.6258698507462689,-1.360568446921803,0.0,0.0,1.2,1,1.5,0.0,0.0,0.0,0.0,0.0,1.0,0.0,1
356,-0.4051748064749628,0.2855713432835823,0.949151679976391,0.0,0.0,1.2,1,2.0,1.0,0.0,0.0,0.0,0.0,0.0,0.0,1
357,-0.6938685182367669,-0.4009958208955222,0.09493450292695209,0.0,0.0,1.2,1,2.0,0.0,0.0,1.0,0.0,0.0,0.0,0.0,0
358,-0.764984301304306,0.26194865671641787,-0.2634027949149136,0.0,0.0,1.2,1,2.0,0.0,0.0,0.0,1.0,0.0,0.0,0.0,0
359,-0.6337736344901037,-0.5707534328358206,0.595210534483592,0.0,0.0,1.2,0,2.0,0.0,0.0,0.0,0.0,1.0,0.0,0.0,0
360,-0.5891515327551788,0.6497504477611943,0.07606768242887428,0.0,0.0,1.2,1,1.5,0.0,1.0,0.0,0.0,0.0,0.0,0.0,1
361,-0.7649363522778094,-0.5852919402985072,1.1497770122954887,0.0,0.0,1.2,1,2.0,0.0,0.0,0.0,0.0,0.0,0.0,1.0,1
362,-0.8242529864405688,-0.2497504477611939,-0.6264822385777634,0.0,0.0,1.2,1,2.0,0.0,0.0,0.0,0.0,0.0,1.0,0.0,1
363,-0.6216867914263453,0.04875701492537327,-0.47460128068466,0.0,0.0,1.2,1,2.0,1.0,0.0,0.0,0.0,0.0,0.0,0.0,1
364,-0.2701503478609662,-0.05074865671641765,0.39869641871315864,0.0,0.0,1.2,1,2.0,0.0,0.0,1.0,0.0,0.0,0.0,0.0,0
365,-0.4121532340235227,0.315422089552239,0.11389290993230239,0.0,1.5,0.0,1,2.0,0.0,0.0,0.0,1.0,0.0,0.0,0.0,0
366,-0.8669940109821714,-1.170887164179104,1.513110862922983,0.0,1.5,0.0,0,2.0,0.0,0.0,0.0,0.0,1.0,0.0,0.0,0
367,-1.33183769254531,-0.884577910447761,1.8795179496833903,0.0,1.5,0.0,1,2.0,0.0,1.0,0.0,0.0,0.0,0.0,0.0,1
368,-1.3574277191477986,-1.011942686567164,0.03790663773211457,0.0,1.5,0.0,1,1.5,0.0,0.0,0.0,0.0,0.0,0.0,1.0,1
369,-0.7706976122306902,-0.4885564179104476,-0.5188680925329011,0.0,1.5,0.0,1,2.0,0.0,0.0,0.0,0.0,0.0,1.0,0.0,1
370,-0.542552455773939,-0.4029874626865669,-0.13297343228068212,0.0,1.5,0.0,1,2.0,1.0,0.0,0.0,0.0,0.0,0.0,0.0,1
371,-0.3562446691286648,-0.4527355223880596,-0.06326592396793458,0.0,1.5,0.0,1,2.0,0.0,0.0,1.0,0.0,0.0,0.0,0.0,0
372,-0.5425856512538212,-0.7711450746268654,0.10753273581617563,0.0,1.5,0.0,1,2.0,0.0,0.0,0.0,1.0,0.0,0.0,0.0,0
373,-0.8847904765856606,0.3592047761194035,-0.8352180649297456,0.0,1.5,0.0,1,1.5,0.0,0.0,0.0,0.0,1.0,0.0,0.0,1
374,-0.6216351540131954,0.09582567164179093,0.06692938425882348,0.0,1.5,0.0,1,2.0,0.0,1.0,0.0,0.0,0.0,0.0,0.0,1
375,-0.7544355154750874,1.0557205970149255,-0.5063105647580207,0.0,1.5,0.0,1,1.5,0.0,0.0,0.0,0.0,0.0,0.0,1.0,1
376,-0.3888536955329026,0.8427868656716423,-8.141022868646821e-05,0.0,1.5,0.0,1,1.5,0.0,0.0,0.0,0.0,0.0,1.0,0.0,1
377,-0.8778452445169829,-0.5681599999999998,2.0060803264550167,0.0,1.5,0.0,1,2.0,1.0,0.0,0.0,0.0,0.0,0.0,0.0,1
378,-1.1222930699825264,-0.8069659701492535,0.06317433746066237,0.0,1.5,0.0,1,2.0,0.0,0.0,1.0,0.0,0.0,0.0,0.0,0
379,-1.201453224341508,-0.9900489552238805,0.7152193878459614,0.0,1.5,0.0,1,2.0,0.0,0.0,0.0,1.0,0.0,0.0,0.0,0
380,-1.0943498526950584,-0.4965182089552237,0.5127114439884904,0.0,1.5,0.0,0,2.0,0.0,0.0,0.0,0.0,1.0,0.0,0.0,0
381,-0.4539906038350002,0.4280764179104479,1.7111921255956302,0.0,1.5,0.0,1,1.5,0.0,1.0,0.0,0.0,0.0,0.0,0.0,1
382,-0.7823455372826734,-0.874629253731343,2.385869219555754,0.0,1.5,0.0,1,2.0,0.0,0.0,0.0,0.0,0.0,0.0,1.0,1
383,-1.0966550943535414,-0.6159211940298506,0.39873712382750187,0.0,1.5,0.0,1,2.0,0.0,0.0,0.0,0.0,0.0,1.0,0.0,1
384,-0.9826101790250674,-0.8427868656716416,0.22158846620585096,0.0,1.5,0.0,1,1.5,1.0,0.0,0.0,0.0,0.0,0.0,0.0,1
385,-1.152582101181667,0.9781086567164181,0.4240149998346354,0.0,1.5,0.0,1,1.5,0.0,0.0,1.0,0.0,0.0,0.0,0.0,0
386,-1.199147982683025,0.8109444776119406,0.18991988724683317,0.0,1.5,0.0,1,1.5,0.0,0.0,0.0,1.0,0.0,0.0,0.0,0
387,-0.9010968339811064,1.360198208955224,-0.7150565673885888,0.0,1.5,0.0,1,1.5,0.0,0.0,0.0,0.0,1.0,0.0,0.0,1
388,-0.5099434293697008,0.9999976119402985,-0.5821645453365931,0.0,1.5,0.0,1,2.0,0.0,1.0,0.0,0.0,0.0,0.0,0.0,1
389,-0.7101748756322127,0.08258626865671662,-0.20254864897181418,0.0,1.5,0.0,1,2.0,0.0,0.0,0.0,0.0,0.0,0.0,1.0,1
390,-0.484338649220598,0.6835797014925372,-1.0947559092377712,0.0,1.5,0.0,1,1.5,0.0,0.0,0.0,0.0,0.0,1.0,0.0,1
391,-0.2654956039041573,0.5482579104477614,1.6454228370955881,0.0,1.5,0.0,1,1.5,1.0,0.0,0.0,0.0,0.0,0.0,0.0,1
392,-0.5937767696187591,-0.3970173134328356,0.3038026209005498,0.0,1.5,0.0,1,2.0,0.0,0.0,1.0,0.0,0.0,0.0,0.0,0
393,-0.7916882206761737,-1.5054734328358208,0.6011636574562864,0.0,1.5,0.0,1,2.0,0.0,0.0,0.0,1.0,0.0,0.0,0.0,0
394,-0.8289261723306456,-1.0776143283582087,0.3543074915218879,0.0,1.5,0.0,1,2.0,0.0,0.0,0.0,0.0,1.0,0.0,0.0,1
395,-0.39114418364477144,-1.001989253731343,0.8226707134334509,0.0,1.5,0.0,1,2.0,0.0,1.0,0.0,0.0,0.0,0.0,0.0,1
396,-0.07681618464063594,-0.5661683582089551,0.0823464463163143,0.0,1.5,0.5,1,2.0,0.0,0.0,0.0,0.0,0.0,0.0,1.0,1
397,-0.3260294056625956,0.22189134328358256,0.0632150425750056,0.0,1.5,0.5,1,1.5,0.0,0.0,0.0,0.0,0.0,1.0,0.0,1
398,-0.6566010594890663,-0.47661611940298493,-0.025226994614204565,0.0,1.5,0.5,1,2.0,1.0,0.0,0.0,0.0,0.0,0.0,0.0,1
399,-0.7916734671295593,0.731340895522388,-0.6012043625706296,0.0,1.5,0.5,1,1.5,0.0,0.0,1.0,0.0,0.0,0.0,0.0,0
400,-0.8219329912354714,0.2935331343283587,-0.05066769107871104,0.0,1.5,0.5,1,1.5,0.0,0.0,0.0,1.0,0.0,0.0,0.0,0
401,-0.7042550150532281,-0.020463283582089455,-0.2765403705691846,0.0,1.5,0.5,1,2.0,0.0,0.0,0.0,0.0,1.0,0.0,0.0,1
402,-0.4656975430734405,-0.6218913432835819,-0.34188225536862304,0.0,1.5,0.5,1,2.0,0.0,1.0,0.0,0.0,0.0,0.0,0.0,1
403,-0.8149250565936829,0.4606973134328363,-0.4808698682935143,0.0,1.5,0.5,1,1.5,0.0,0.0,0.0,0.0,0.0,0.0,1.0,1
404,-0.8312756746289716,-0.3074650746268654,0.13292255088775312,0.0,1.5,0.5,1,2.0,0.0,0.0,0.0,0.0,0.0,1.0,0.0,1
405,-0.7148333079756752,-0.41293611940298486,-0.6517499383063111,0.0,1.5,0.5,1,1.5,1.0,0.0,0.0,0.0,0.0,0.0,0.0,1
406,-1.0198296887462714,0.5004967164179106,1.107392811985621,0.0,1.5,0.5,1,0.0,0.0,0.0,1.0,0.0,0.0,0.0,0.0,0
407,-1.4226347067963139,-0.7731367164179102,2.32260329558782,0.0,1.5,0.5,1,2.0,0.0,0.0,0.0,1.0,0.0,0.0,0.0,0
408,-0.956957449849468,-1.0278614925373133,-0.13933360639680886,0.0,1.5,0.5,1,2.0,0.0,0.0,0.0,0.0,1.0,0.0,0.0,1
409,-0.5658667478111733,-0.5621898507462685,-0.40497518260059895,0.0,1.5,0.5,1,1.5,0.0,1.0,0.0,0.0,0.0,0.0,0.0,1
410,-0.5006450066160436,-0.4547271641791043,0.006360174116126484,0.0,1.5,0.5,1,2.0,0.0,0.0,0.0,0.0,0.0,0.0,1.0,1
411,-0.579823602908293,0.6039808955223885,-0.9112857473586197,0.0,1.5,0.5,1,1.5,0.0,0.0,0.0,0.0,0.0,1.0,0.0,1
412,-0.5006450066160436,0.0388035820895525,0.25309422470749554,0.0,1.5,0.5,1,2.0,1.0,0.0,0.0,0.0,0.0,0.0,0.0,1
413,-0.48664389087908105,-0.438808358208955,0.10129467704307858,0.0,1.5,0.5,1,2.0,0.0,0.0,1.0,0.0,0.0,0.0,0.0,0
414,-0.8172598053453944,-0.5283605970149251,0.7340862083440398,0.0,1.5,0.5,1,1.5,0.0,0.0,0.0,1.0,0.0,0.0,0.0,0
415,-0.7892170016182799,-0.5666029850746266,0.4895604102057898,0.0,1.5,0.5,0,2.0,0.0,0.0,0.0,0.0,1.0,0.0,0.0,0
416,-0.7090978667293695,-0.15336358208955192,0.2517814847699271,0.0,1.5,0.5,1,2.0,0.0,1.0,0.0,0.0,0.0,0.0,0.0,1
417,-0.3492809951267192,-0.2796011940298506,0.544390199226094,0.0,1.5,0.5,1,2.0,0.0,0.0,0.0,0.0,0.0,0.0,1.0,1
418,-0.1583000225913682,-0.3432859701492535,0.1011318565857059,0.0,1.5,0.5,1,2.0,0.0,0.0,0.0,0.0,0.0,1.0,0.0,1
419,-0.281768765819721,0.5303474626865674,0.5758959577277386,0.0,1.5,0.5,1,1.5,1.0,0.0,0.0,0.0,0.0,0.0,0.0,1
420,-0.8545604595729772,-1.101494925373134,2.449094438409346,0.0,1.5,0.5,1,2.0,0.0,0.0,1.0,0.0,0.0,0.0,0.0,0
421,-0.8079650709783909,-1.0338316417910445,0.2468154608200555,0.0,1.5,0.5,1,2.0,0.0,0.0,0.0,1.0,0.0,0.0,0.0,0
422,-0.47731596103219504,-0.647763582089552,0.8859264611227994,0.0,1.5,0.5,1,2.0,0.0,0.0,0.0,0.0,1.0,0.0,0.0,1
423,-0.49365182552086945,-1.101494925373134,0.12661325816455563,0.0,1.5,0.5,1,2.0,0.0,1.0,0.0,0.0,0.0,0.0,0.0,1
424,-0.04423666532962635,-0.052735522388059564,0.4682309302899475,0.0,1.5,1.0,1,2.0,0.0,0.0,0.0,0.0,0.0,0.0,1.0,1
425,-0.4703522870302494,0.14626626865671633,-0.3670685448684844,0.0,1.5,1.0,1,1.5,0.0,0.0,0.0,0.0,0.0,1.0,0.0,1
426,-0.2724703430660635,-0.024876417910447562,-0.20246723874312772,0.0,1.5,1.0,1,1.5,1.0,0.0,0.0,0.0,0.0,0.0,0.0,0
427,-0.679930105072915,-1.065674029850746,1.563035685664931,0.0,1.5,1.0,1,2.0,0.0,0.0,1.0,0.0,0.0,0.0,0.0,0
428,-0.9080568195963985,-0.5741301492537312,0.48727074752398425,0.0,1.5,1.0,1,2.0,0.0,0.0,0.0,1.0,0.0,0.0,0.0,1
429,-0.8568952083246888,-0.8109444776119401,0.20250794385747095,0.0,1.5,1.0,1,2.0,0.0,0.0,0.0,0.0,1.0,0.0,0.0,1
430,-0.37719101693430535,-0.5403008955223878,1.677091416054606,0.0,1.5,1.0,1,2.0,0.0,1.0,0.0,0.0,0.0,0.0,0.0,1
431,0.1373536747857279,-0.28159283582089534,2.6518160841171183,0.0,1.5,1.0,1,2.0,0.0,0.0,0.0,0.0,0.0,0.0,1.0,1
432,-0.3329930796645412,-1.047763582089552,2.3794683403252845,0.0,1.5,1.0,1,1.5,0.0,0.0,0.0,0.0,0.0,1.0,0.0,1
433,-0.7730766216222448,-1.3184071641791044,0.4556428736793097,0.0,1.5,1.0,1,2.0,1.0,0.0,0.0,0.0,0.0,0.0,0.0,0
434,-0.47098668953466405,-0.7140370149253729,0.4234553045124162,0.0,1.5,1.0,1,2.0,0.0,0.0,1.0,0.0,0.0,0.0,0.0,0
435,-0.10243571833635305,-0.6557205970149252,0.27209333682718906,0.0,1.5,1.0,1,2.0,0.0,0.0,0.0,1.0,0.0,0.0,0.0,1
436,0.20494336021245133,-0.04278686567164159,0.5696171938402985,0.0,1.5,1.0,1,2.0,0.0,0.0,0.0,0.0,1.0,0.0,0.0,1
437,0.2259229034979738,-0.5701516417910445,-0.6707490504260045,0.0,1.5,1.0,1,2.0,0.0,1.0,0.0,0.0,0.0,0.0,0.0,1
438,0.16767590146475064,-0.22388298507462662,-0.31640085378977334,0.0,1.5,1.0,1,2.0,0.0,0.0,0.0,0.0,0.0,0.0,1.0,1
439,-0.18860749572377666,1.029848358208955,-0.6897786913814552,0.0,1.5,1.0,1,1.5,0.0,0.0,0.0,0.0,0.0,1.0,0.0,1
440,0.06521620861514936,0.6179080597014924,-0.715097272502932,0.0,1.5,1.0,1,1.5,1.0,0.0,0.0,0.0,0.0,0.0,0.0,0
441,-0.08617730996740389,0.8766161194029852,-0.5504552612632324,0.0,1.5,1.0,1,1.5,0.0,0.0,1.0,0.0,0.0,0.0,0.0,0
442,0.16766114791813638,0.48855641791044796,-0.18986900585390418,0.0,1.5,1.0,1,2.0,0.0,0.0,0.0,1.0,0.0,0.0,0.0,1
443,0.18872921248334468,0.8666674626865677,-0.6075645366867564,2.2,1.5,1.0,1,2.0,0.0,0.0,0.0,0.0,1.0,0.0,0.0,1
444,0.09550523981428988,0.9303474626865673,-0.9302818065947372,2.2,1.5,1.0,1,1.5,0.0,1.0,0.0,0.0,0.0,0.0,0.0,1
445,0.163035911054556,0.9781086567164181,-0.645308353961498,2.2,1.5,1.0,1,2.0,0.0,0.0,0.0,0.0,0.0,0.0,1.0,1
446,0.3050387972171125,0.3233838805970154,-0.658150817536781,2.2,1.5,1.0,1,1.5,0.0,0.0,0.0,0.0,0.0,1.0,0.0,1
447,-0.002329216171731293,1.236816716417911,0.12016149754115665,2.2,1.5,1.0,1,1.5,1.0,0.0,0.0,0.0,0.0,0.0,0.0,0
448,-0.18396381692692831,1.2149229850746268,0.4050158877149422,2.2,1.5,1.0,1,1.5,0.0,0.0,1.0,0.0,0.0,0.0,0.0,0
449,-0.17930907297011944,-0.7094519402985073,2.094746241773115,2.2,1.5,1.0,1,2.0,0.0,0.0,0.0,1.0,0.0,0.0,0.0,1
450,-0.6333347164783285,-1.6069659701492536,0.06326592396793458,2.2,1.5,1.0,1,2.0,0.0,0.0,0.0,0.0,1.0,0.0,0.0,1
451,-0.06054302272507225,-0.6935331343283581,1.1264733343340008,2.2,1.5,1.0,1,2.0,0.0,1.0,0.0,0.0,0.0,0.0,0.0,1
452,-0.018665080660405443,-0.894526567164179,1.4111954328861707,2.2,1.5,1.0,1,2.0,0.0,0.0,0.0,0.0,0.0,0.0,1.0,1
453,-0.4121532340235227,-0.21791283582089527,-0.4366437615596165,2.2,1.5,1.0,1,1.5,0.0,0.0,0.0,0.0,0.0,1.0,0.0,1
454,-0.24216655832030873,0.5343259701492536,0.7086963932724623,2.2,1.5,1.0,1,1.5,1.0,0.0,0.0,0.0,0.0,0.0,0.0,0
455,-0.25847291571575437,0.23781014925373153,-0.08861503392516884,2.2,1.5,1.7,1,1.5,0.0,0.0,1.0,0.0,0.0,0.0,0.0,0
456,-0.22075547379631805,-0.5832143283582086,1.3347614044282075,2.2,1.5,1.7,1,2.0,0.0,0.0,0.0,1.0,0.0,0.0,0.0,1
457,-0.09546097917444685,-1.0975116417910447,-0.822670713433451,2.2,1.5,1.7,1,2.0,0.0,0.0,0.0,0.0,1.0,0.0,0.0,1
458,0.1699811431232337,-0.7492561194029849,0.0,2.2,1.5,1.7,1,2.0,0.0,1.0,0.0,0.0,0.0,0.0,0.0,1
459,-0.2072928625107769,-1.2049743283582088,0.3923362445970322,2.2,1.5,1.7,1,2.0,0.0,0.0,0.0,0.0,0.0,0.0,1.0,1
460,-0.35628892976850757,-1.1910471641791043,1.2151799547664417,2.2,1.5,1.7,1,2.0,0.0,0.0,0.0,0.0,0.0,1.0,0.0,1
461,-0.2258602009248628,-1.7781086567164177,0.9555118540925178,2.2,1.5,1.7,1,2.0,1.0,0.0,0.0,0.0,0.0,0.0,0.0,0
462,0.018665080660405706,-1.674629253731343,0.5253096768777142,2.2,1.5,1.7,1,2.0,0.0,0.0,1.0,0.0,0.0,0.0,0.0,0
463,-0.039563479439549507,-1.475622686567164,1.8034502672545163,2.2,1.5,1.7,1,2.0,0.0,0.0,0.0,1.0,0.0,0.0,0.0,1
464,-0.1885927421771624,-0.9144286567164177,0.6960574552688953,2.2,1.5,1.7,1,2.0,0.0,0.0,0.0,0.0,1.0,0.0,0.0,1
465,-0.5535917970280825,-0.7493420895522387,1.1631384660786472,2.2,1.5,1.7,1,2.0,0.0,1.0,0.0,0.0,0.0,0.0,0.0,1
466,-0.3679552967537588,-0.7651749253731341,1.1138343963304336,2.2,1.5,1.7,1,2.0,0.0,0.0,0.0,0.0,0.0,0.0,1.0,1
467,-0.20491385311922256,-1.0417934328358207,-0.2595358090523088,2.2,1.5,1.7,1,2.0,0.0,0.0,0.0,0.0,0.0,1.0,0.0,1
468,0.002329216171731293,-0.5900489552238805,0.10117256170004915,2.2,1.5,1.7,1,2.0,1.0,0.0,0.0,0.0,0.0,0.0,0.0,0
469,0.3190841735939181,-0.5661683582089551,0.44932340467752646,2.2,1.5,1.7,1,2.0,0.0,0.0,1.0,0.0,0.0,0.0,0.0,0
470,0.47049244572308535,-0.3094519402985073,1.0568472362499393,2.2,1.5,1.7,0,2.0,0.0,0.0,0.0,1.0,0.0,0.0,0.0,0
471,0.40986274591165417,-1.1273623880597015,0.9428729160889507,2.2,1.5,1.7,1,2.0,0.0,0.0,0.0,0.0,1.0,0.0,0.0,1
472,-0.11185585784957829,-0.27363104477611927,-0.13293272716633886,2.2,1.5,1.7,1,1.5,0.0,1.0,0.0,0.0,0.0,0.0,0.0,1
473,0.02095556877227451,-0.06666746268656697,-1.1707381109265247,2.2,1.5,1.7,1,2.0,0.0,0.0,0.0,0.0,0.0,0.0,1.0,1
474,0.10478890902133284,0.32537074626865664,-0.31652296913280303,2.2,1.5,1.7,1,2.0,0.0,0.0,0.0,0.0,0.0,1.0,0.0,1
475,0.20491385311922256,0.2696525373134333,1.0442082982463727,2.2,1.5,1.7,1,2.0,1.0,0.0,0.0,0.0,0.0,0.0,0.0,0
476,-0.36094736211197015,0.9980107462686572,1.6645440645583114,2.2,1.5,1.7,1,0.0,0.0,0.0,1.0,0.0,0.0,0.0,0.0,0
477,-0.6869232861680891,0.6696525373134333,1.246807828611116,2.2,1.5,1.7,1,1.5,0.0,0.0,0.0,1.0,0.0,0.0,0.0,1
478,-0.3027483091052435,-0.8228847761194028,0.6961388654975817,2.2,1.5,1.7,1,2.0,0.0,0.0,0.0,0.0,1.0,0.0,0.0,1
479,-0.06287777147678382,-0.9482579104477611,-0.6327915313009609,2.2,1.5,1.7,1,2.0,0.0,1.0,0.0,0.0,0.0,0.0,0.0,1
480,-0.01394763413048583,0.6218913432835825,-0.04426681184824105,2.2,1.5,1.7,1,1.5,0.0,0.0,0.0,0.0,0.0,0.0,1.0,1
481,-0.12808844751195264,-1.0776143283582087,1.6959582365526837,2.2,1.5,1.7,1,2.0,0.0,0.0,0.0,0.0,0.0,1.0,0.0,1
482,-0.405208001954845,-0.6537337313432833,-0.5189902078759308,2.2,1.5,1.7,1,1.5,1.0,0.0,0.0,0.0,0.0,0.0,0.0,0
483,-0.13736842833234217,-0.18806208955223855,-0.6519636401566129,2.2,1.5,1.7,1,2.0,0.0,0.0,1.0,0.0,0.0,0.0,0.0,0
484,-0.10942889943152748,-0.26965253731343264,-0.09501591315563856,2.2,1.5,1.7,1,1.5,0.0,0.0,0.0,1.0,0.0,0.0,0.0,1
485,0.3306878380060584,0.15820656716417902,-0.253175634936182,2.2,1.5,2.0,1,1.5,0.0,0.0,0.0,0.0,1.0,0.0,0.0,1
486,0.18637971018501884,0.8149229850746268,-0.4367353480668887,2.2,1.5,2.0,1,2.0,0.0,1.0,0.0,0.0,0.0,0.0,0.0,1
487,0.18396750531358227,0.6776095522388059,-0.48112427525815943,2.2,1.5,2.0,1,1.5,0.0,0.0,0.0,0.0,0.0,0.0,1.0,1
488,0.3819416589441074,0.5203988059701498,-0.18354953685212094,2.2,1.5,2.0,1,2.0,0.0,0.0,0.0,0.0,0.0,1.0,0.0,1
489,0.3586716275467159,0.6218913432835825,-0.2847628036665133,2.2,1.5,2.0,1,1.5,1.0,0.0,0.0,0.0,0.0,0.0,0.0,0
490,0.21898873658925666,0.5422877611940301,-0.31644155890411657,2.2,1.5,2.0,1,1.5,0.0,0.0,1.0,0.0,0.0,0.0,0.0,0
491,0.14671480011249585,0.18010029850746317,0.5062291545293343,2.2,1.5,2.0,1,1.5,0.0,0.0,0.0,1.0,0.0,0.0,0.0,1
492,0.2585798789287084,0.28357970149253725,1.1708215564109286,2.2,1.5,2.0,1,1.5,0.0,0.0,0.0,0.0,1.0,0.0,0.0,1
493,0.24218131186692324,0.5621898507462691,0.3606167842450854,2.2,1.5,2.0,1,1.5,0.0,1.0,0.0,0.0,0.0,0.0,0.0,1
494,0.01629713642881192,-0.35522626865671614,1.354340564427292,2.2,1.5,2.0,1,2.0,0.0,0.0,0.0,0.0,0.0,0.0,1.0,1
495,0.12344476871510457,-1.2706459701492536,0.5694849022186831,2.2,1.5,2.0,1,2.0,0.0,0.0,0.0,0.0,0.0,1.0,0.0,1
496,0.21190703421439672,-0.6975116417910446,-0.5886163059599918,2.2,1.5,2.0,1,2.0,1.0,0.0,0.0,0.0,0.0,0.0,0.0,0
497,0.3609953111384669,-0.23980179104477592,0.44920128933449677,2.2,1.5,2.0,1,2.0,0.0,0.0,1.0,0.0,0.0,0.0,0.0,0
498,0.23065510357450794,0.7791020895522387,0.32276102790589983,2.2,1.5,2.0,1,1.5,0.0,0.0,0.0,1.0,0.0,0.0,0.0,1
499,0.32841210344080385,0.8029826865671641,-0.3417499637470076,2.2,1.5,2.0,1,1.5,0.0,0.0,0.0,0.0,1.0,0.0,0.0,1
500,0.4005975186378789,0.34129432835820944,-0.5949357749617753,2.2,1.5,2.0,1,2.0,0.0,1.0,0.0,0.0,0.0,0.0,0.0,1
501,0.31442942963710896,-0.5084585074626864,0.4935495114114243,2.2,1.5,2.0,1,2.0,0.0,0.0,0.0,0.0,0.0,0.0,1.0,1
502,0.2351586236785203,-0.49253970149253706,-0.4493641097918697,2.2,1.5,2.0,1,2.0,0.0,0.0,0.0,0.0,0.0,1.0,0.0,1
503,0.2933871837784758,-0.8129361194029848,-0.9870990228228489,2.2,1.5,2.0,1,2.0,1.0,0.0,0.0,0.0,0.0,0.0,0.0,0
504,0.3563073717017758,-0.4587056716417909,0.7468574379692218,2.2,1.5,2.0,1,2.0,0.0,0.0,1.0,0.0,0.0,0.0,0.0,0
505,0.2888098959413916,0.8825862686567166,0.5314968542578821,2.2,1.5,2.0,1,1.5,0.0,0.0,0.0,1.0,0.0,0.0,0.0,1
506,0.34471846083624974,0.6656692537313432,-0.6391517054170875,2.2,1.5,2.0,1,1.5,0.0,0.0,0.0,0.0,1.0,0.0,0.0,1
507,0.3586863810933301,0.7074602985074626,-0.8036716013137576,2.2,1.5,2.0,1,1.5,0.0,1.0,0.0,0.0,0.0,0.0,0.0,1
508,0.4401554654974484,0.4308465671641796,-0.08221415469469885,2.2,1.5,2.0,1,2.0,0.0,0.0,0.0,0.0,0.0,0.0,1.0,1
509,0.516980871104718,0.576117014925373,-0.4113760618310687,2.2,1.5,2.0,1,2.0,0.0,0.0,0.0,0.0,0.0,1.0,0.0,1
510,0.5729226314794581,0.506466865671642,0.18334601128040476,2.2,1.5,2.0,1,2.0,1.0,0.0,0.0,0.0,0.0,0.0,0.0,0
511,0.568234692042767,0.33731104477611934,0.3479880225201044,2.2,1.5,2.0,1,2.0,0.0,0.0,1.0,0.0,0.0,0.0,0.0,0
512,0.7079323365468407,0.23781014925373153,0.15820042689488667,2.2,1.5,2.0,0,2.0,0.0,0.0,0.0,1.0,0.0,0.0,0.0,0
513,0.6846659935361027,0.2776095522388059,1.1644206771804582,2.2,1.5,2.0,1,2.0,0.0,0.0,0.0,0.0,1.0,0.0,0.0,1
514,0.4564913299861228,0.20795940298507481,-0.4746826909133465,2.2,1.5,2.0,1,1.5,0.0,1.0,0.0,0.0,0.0,0.0,0.0,1
515,0.5309967403882951,-0.6378101492537313,0.1455614888913199,2.2,1.5,2.0,1,2.0,0.0,0.0,0.0,0.0,0.0,0.0,1.0,1
516,0.44481020945425725,0.6159211940298512,0.5758552526133957,2.2,1.5,2.5,1,1.5,0.0,0.0,0.0,0.0,0.0,1.0,0.0,1
517,0.2911003840532604,-0.36915343283582075,0.05685486845887885,2.2,1.5,2.5,1,2.0,1.0,0.0,0.0,0.0,0.0,0.0,0.0,0
518,0.32372416400411275,-0.6358232835820893,0.031668578959017514,2.2,1.5,2.5,1,2.0,0.0,0.0,1.0,0.0,0.0,0.0,0.0,0
519,0.3353425819628673,-0.665674029850746,1.0568879413642829,2.2,1.5,2.5,1,2.0,0.0,0.0,0.0,1.0,0.0,0.0,0.0,1
520,0.14210431679552973,-0.06268895522388034,0.29104156755395333,2.2,1.5,2.5,1,1.5,0.0,0.0,0.0,0.0,1.0,0.0,0.0,1
521,0.20259385791412524,-0.0726376119402983,-1.0568065311355963,2.2,1.5,2.5,1,2.0,0.0,1.0,0.0,0.0,0.0,0.0,0.0,1
522,0.30273355555862946,-0.28358447761194006,-0.24041458158958554,2.2,1.5,2.5,1,2.0,0.0,0.0,0.0,0.0,0.0,0.0,1.0,1
523,0.4075575042531711,-0.757213134328358,-0.056905749851808095,2.2,1.5,2.5,1,2.0,0.0,0.0,0.0,0.0,0.0,1.0,0.0,1
524,0.5938394721918698,-0.9044799999999997,-0.3733473087559244,2.2,1.5,2.5,1,2.0,1.0,0.0,0.0,0.0,0.0,0.0,0.0,0
525,0.6497185299934992,-0.4208979104477609,-0.4808698682935143,2.2,1.5,2.5,1,2.0,0.0,0.0,1.0,0.0,0.0,0.0,0.0,0
526,0.6357174142565367,-0.1840788059701491,0.27209333682718906,2.2,1.5,2.5,1,1.5,0.0,0.0,0.0,1.0,0.0,0.0,0.0,1
527,0.4076054532796676,0.9880573134328358,0.3416278484039779,2.2,1.5,2.5,1,1.5,0.0,0.0,0.0,0.0,1.0,0.0,0.0,1
528,0.45644706934627977,-0.21194268656716392,1.6516507195900996,2.2,1.5,2.5,1,2.0,0.0,1.0,0.0,0.0,0.0,0.0,0.0,1
529,0.5053772066925778,-0.27164417910447736,0.7404056773458231,2.2,1.5,2.5,1,2.0,0.0,0.0,0.0,0.0,0.0,0.0,1.0,1
530,0.414535931801731,-0.17612179104477585,-0.04434822207692752,2.2,1.5,2.5,1,2.0,0.0,0.0,0.0,0.0,0.0,1.0,0.0,1
531,0.39592433274780203,-0.5840788059701492,-0.14560219400566313,2.2,1.5,2.5,1,2.0,1.0,0.0,0.0,0.0,0.0,0.0,0.0,0
532,0.31207623895212944,-0.13233910447761174,-0.3670685448684844,2.2,1.5,2.5,1,2.0,0.0,0.0,1.0,0.0,0.0,0.0,0.0,0
533,0.2119992438807362,0.7233838805970154,-0.06338803931096428,2.2,1.5,2.5,1,1.5,0.0,0.0,0.0,1.0,0.0,0.0,0.0,1
534,0.6171685177757187,0.3034817910447763,-0.33538978963088084,2.2,1.5,2.5,1,2.0,0.0,0.0,0.0,0.0,1.0,0.0,0.0,1
535,0.8616458503344908,-0.16418149253731318,-0.6834693986582577,2.2,1.5,2.5,1,2.0,0.0,1.0,0.0,0.0,0.0,0.0,0.0,1
536,0.9780771518278264,-0.2796011940298506,-0.63284241269389,2.5,1.5,2.5,1,2.0,0.0,0.0,0.0,0.0,0.0,0.0,1.0,1
537,0.873249514746631,-0.2517420895522386,0.018999112119693254,2.5,1.5,2.5,1,2.0,0.0,0.0,0.0,0.0,0.0,1.0,0.0,1
538,0.6101605831339303,-0.438808358208955,-0.012761053346596472,2.5,1.5,2.5,1,2.0,1.0,0.0,0.0,0.0,0.0,0.0,0.0,0
539,0.6893207374929116,-0.7034817910447759,-0.36074907586670085,2.5,1.5,2.5,1,2.0,0.0,0.0,1.0,0.0,0.0,0.0,0.0,0
540,0.6147710664508964,-0.5840788059701492,1.2151290733735127,2.5,1.5,2.5,1,2.0,0.0,0.0,0.0,1.0,0.0,0.0,0.0,1
541,0.3959095792011878,-1.2089576119402983,1.6960498230599563,2.5,1.5,2.5,1,2.0,0.0,0.0,0.0,0.0,1.0,0.0,0.0,1
542,0.5658999432910554,-1.2726376119402982,0.924006095590873,2.5,1.5,2.5,1,2.0,0.0,1.0,0.0,0.0,0.0,0.0,0.0,1
543,0.6939607279031061,-0.9741301492537311,-0.09489379781260886,2.5,1.5,2.5,1,2.0,0.0,0.0,0.0,0.0,0.0,0.0,1.0,1
544,1.1037441735017084,-0.65771223880597,-0.15832254223791636,2.5,1.5,2.5,1,2.0,0.0,0.0,0.0,0.0,0.0,1.0,0.0,1
545,0.7382066141993667,-0.12039880597014906,-0.20254864897181418,2.5,1.5,2.5,1,2.0,1.0,0.0,0.0,0.0,0.0,0.0,0.0,0
546,0.9710212681595415,-0.5144286567164177,-0.12665396327889886,2.5,1.5,2.6,1,2.0,0.0,0.0,1.0,0.0,0.0,0.0,0.0,0
547,0.791798872275781,-0.856718805970149,0.1454393735482902,2.5,1.5,2.6,1,2.0,0.0,0.0,0.0,1.0,0.0,0.0,0.0,1
548,0.7940561649077676,-0.6417934328358207,-0.5570291372296607,2.5,1.5,2.6,1,2.0,0.0,0.0,0.0,0.0,1.0,0.0,0.0,1
549,0.903553299492386,-0.4189062686567162,-0.46836322191156293,2.5,1.5,2.6,0,2.0,0.0,1.0,0.0,0.0,0.0,0.0,0.0,0
550,1.0106271640456075,-0.8049743283582088,0.13284114065906666,2.5,1.5,2.6,1,2.0,0.0,0.0,0.0,0.0,0.0,0.0,1.0,1
551,0.9780439563479442,-0.8388083582089549,-0.3544703119792608,2.5,1.5,2.6,1,2.0,0.0,0.0,0.0,0.0,0.0,1.0,0.0,1
552,1.1712416492620925,-0.6417934328358207,-0.1772809492432664,2.5,1.5,2.6,1,2.0,1.0,0.0,0.0,0.0,0.0,0.0,0.0,0
553,1.1176973402121746,-0.2517420895522386,-0.5632163146098289,2.5,1.5,2.6,1,2.0,0.0,0.0,1.0,0.0,0.0,0.0,0.0,0
554,0.6148153270907392,0.27163940298507455,0.0,2.5,1.5,2.6,1,1.5,0.0,0.0,0.0,1.0,0.0,0.0,0.0,1
555,0.6544359765234194,0.19601910447761214,-0.29753403329169553,2.5,1.5,2.6,1,1.5,0.0,0.0,0.0,0.0,1.0,0.0,0.0,1
556,0.6008621603802731,0.03283343283582116,-0.2975747384060385,2.5,1.5,2.6,1,2.0,0.0,1.0,0.0,0.0,0.0,0.0,0.0,1
557,0.6171353222958366,-0.4626889552238803,-0.34802872763444764,2.5,1.5,2.6,1,2.0,0.0,0.0,0.0,0.0,0.0,0.0,1.0,1
558,0.6660064454556774,-0.6716441791044774,-1.0188998934034819,2.5,1.5,2.6,1,1.5,0.0,0.0,0.0,0.0,0.0,1.0,0.0,1
559,0.6590317062937713,0.3472644776119408,-0.3795344861360925,2.5,1.5,2.6,1,1.5,1.0,0.0,0.0,0.0,0.0,0.0,0.0,0
560,0.803446797327764,0.4368167164179109,-0.14560219400566313,2.5,1.5,2.6,1,2.0,0.0,0.0,1.0,0.0,0.0,0.0,0.0,0
561,0.8732642682932453,0.08855641791044797,-0.17083936489845344,2.5,1.5,2.6,1,2.0,0.0,0.0,0.0,1.0,0.0,0.0,0.0,1
562,0.9896623743066987,-0.5761217910447759,-0.6771906347708174,2.5,1.5,2.6,1,2.0,0.0,0.0,0.0,0.0,1.0,0.0,0.0,1
563,0.9524096691056128,-0.2358232835820893,-0.443003935675743,2.5,1.5,2.6,1,2.0,0.0,1.0,0.0,0.0,0.0,0.0,0.0,1
564,0.8382872976574139,-0.12437731343283569,-0.15820042689488667,2.5,1.5,2.6,1,2.0,0.0,0.0,0.0,0.0,0.0,0.0,1.0,1
565,0.46348451108129696,1.0398017910447765,0.2848543901737853,2.5,1.5,2.6,1,1.5,0.0,0.0,0.0,0.0,0.0,1.0,0.0,1
566,0.23069936421435072,1.1412943283582095,0.3289482052860679,2.5,1.5,2.6,1,0.0,1.0,0.0,0.0,0.0,0.0,0.0,0.0,0
567,0.5007372162823831,0.6497504477611943,-0.8858877912641737,2.5,1.5,2.6,1,1.5,0.0,0.0,1.0,0.0,0.0,0.0,0.0,0
568,0.7474607763131812,0.3233838805970154,-0.4303751739507622,2.5,1.5,2.6,1,2.0,0.0,0.0,0.0,1.0,0.0,0.0,0.0,1
569,0.8080720341913444,0.1363176119402987,0.31016279501667626,2.5,1.5,2.6,1,2.0,0.0,0.0,0.0,0.0,1.0,0.0,0.0,1
570,0.6148153270907392,-0.8427868656716416,-0.1646013061253564,2.5,1.5,2.6,1,2.0,0.0,1.0,0.0,0.0,0.0,0.0,0.0,1
571,0.929099065455032,-0.14228776119402972,1.056684415792567,2.5,1.5,2.6,1,2.0,0.0,0.0,0.0,0.0,0.0,0.0,1.0,1
572,0.9104874664011032,-0.15224119402985048,-0.2847628036665133,2.5,1.5,2.6,1,2.0,0.0,0.0,0.0,0.0,0.0,1.0,0.0,1
573,0.7754445658538389,-0.06268895522388034,-0.24041458158958554,2.5,1.5,2.6,1,2.0,1.0,0.0,0.0,0.0,0.0,0.0,0.0,0
574,0.6660064454556774,-0.012936119402984874,-0.10765485115920533,2.5,1.5,2.6,1,2.0,0.0,0.0,1.0,0.0,0.0,0.0,0.0,0
575,0.7289081914457095,0.2019892537313435,-0.2784026295503866,2.5,1.5,2.6,1,2.0,0.0,0.0,0.0,1.0,0.0,0.0,0.0,1
576,0.6474280418816305,0.37114507462686613,-0.1582411320092299,2.5,1.5,2.6,1,2.0,0.0,0.0,0.0,0.0,1.0,0.0,0.0,1
577,0.6637012037971944,0.24378029850746288,-0.40497518260059895,2.5,1.5,2.5,1,2.0,0.0,1.0,0.0,0.0,0.0,0.0,0.0,1
578,0.810425224876324,0.15820656716417902,-0.5253096768777142,2.5,1.5,2.5,1,2.0,0.0,0.0,0.0,0.0,0.0,0.0,1.0,1
579,0.8686242778830506,0.07661611940298528,0.3543074915218879,2.5,1.5,2.5,1,1.5,0.0,0.0,0.0,0.0,0.0,1.0,0.0,1
580,0.973374458844521,-0.06268895522388034,0.7783123150779376,2.5,1.5,2.5,1,2.0,1.0,0.0,0.0,0.0,0.0,0.0,0.0,0
581,0.8989133090821915,0.12437731343283602,1.1137529861017477,2.5,1.5,2.5,1,2.0,0.0,0.0,1.0,0.0,0.0,0.0,0.0,0
582,0.8220731499283076,0.1323391044776124,-0.5253096768777142,2.5,1.5,2.5,1,1.5,0.0,0.0,0.0,1.0,0.0,0.0,0.0,1
583,0.7755072684269496,0.3691534328358211,-0.6519636401566129,2.5,1.5,2.5,1,1.5,0.0,0.0,0.0,0.0,1.0,0.0,0.0,1
584,0.8127452200814212,0.22189134328358256,-0.7151379776172753,2.5,1.5,2.5,1,1.5,0.0,1.0,0.0,0.0,0.0,0.0,0.0,1
585,0.7824672540422416,-0.02885492537313419,-0.25313492982183877,2.5,1.5,2.5,1,2.0,0.0,0.0,0.0,0.0,0.0,0.0,1.0,1
586,0.6660396409355597,0.42686328358208947,0.5885756008456489,2.5,1.5,2.5,1,1.5,0.0,0.0,0.0,0.0,0.0,1.0,0.0,1
587,0.556586766990784,0.5084585074626871,0.2595358090523085,2.5,1.5,2.5,1,1.5,1.0,0.0,0.0,0.0,0.0,0.0,0.0,0
588,0.5798678635481358,-0.4587056716417909,-0.5949357749617753,2.5,1.5,2.5,1,2.0,0.0,0.0,1.0,0.0,0.0,0.0,0.0,0
589,0.6450600976500367,-0.3870638805970148,-0.4555207583362803,2.5,1.5,2.5,1,2.0,0.0,0.0,0.0,1.0,0.0,0.0,0.0,1
590,0.698633913793183,0.28756298507462735,-0.12025308404842887,2.5,1.5,2.5,1,2.0,0.0,0.0,0.0,0.0,1.0,0.0,0.0,1
591,0.6147526245176285,-0.03283820895522362,-0.11401502527533208,2.5,1.5,2.5,1,2.0,0.0,1.0,0.0,0.0,0.0,0.0,0.0,1
592,0.6171537642291045,-0.512437014925373,-0.39869641871315864,2.5,1.5,2.5,1,2.0,0.0,0.0,0.0,0.0,0.0,0.0,1.0,1
593,-0.9035237923991575,-0.265674029850746,0.5126707388741475,2.5,1.5,2.5,1,2.0,0.0,0.0,0.0,0.0,0.0,1.0,0.0,1
594,0.48209611013522563,-0.11045014925373109,-0.03162787384467428,2.5,1.5,2.5,1,2.0,1.0,0.0,0.0,0.0,0.0,0.0,0.0,0
595,0.4285518010853081,0.40696597014925423,-0.9619127333229874,2.5,1.5,2.5,1,1.5,0.0,0.0,1.0,0.0,0.0,0.0,0.0,0
596,0.4005680115446504,0.5144286567164184,-0.5189495027615876,2.5,1.5,2.5,1,1.5,0.0,0.0,0.0,1.0,0.0,0.0,0.0,1
597,0.4192238712384221,0.22586985074626886,-1.1011160833538978,2.5,1.5,2.5,1,2.0,0.0,0.0,0.0,0.0,1.0,0.0,0.0,1
598,0.496049276845692,0.24178865671641783,-1.1264295763360819,2.5,1.5,2.5,1,2.0,0.0,1.0,0.0,0.0,0.0,0.0,0.0,1
599,0.5519430881939357,0.04477373134328384,-0.9807815890767825,2.5,1.5,2.5,1,2.0,0.0,0.0,0.0,0.0,0.0,0.0,1.0,1
600,0.589166286301793,-0.054727164179104275,-1.1074762574700245,2.5,1.5,2.5,1,1.5,0.0,0.0,0.0,0.0,0.0,1.0,0.0,1
601,0.4844013517937087,0.4129361194029856,0.6455118795332142,2.5,1.5,2.5,1,1.5,1.0,0.0,0.0,0.0,0.0,0.0,0.0,0
602,0.4006749747576041,1.0477588059701493,0.48727074752398425,2.5,1.5,2.5,1,1.5,0.0,0.0,1.0,0.0,0.0,0.0,0.0,0
603,0.6171537642291045,0.49651820895522436,-0.5316291458794975,2.5,1.5,2.5,1,2.0,0.0,0.0,0.0,1.0,0.0,0.0,0.0,1
604,0.6590612133869997,-0.030846567164178905,0.10125397192873561,2.5,1.5,2.5,1,2.0,0.0,0.0,0.0,0.0,1.0,0.0,0.0,1
605,0.5472403952106303,-0.35522626865671614,-0.6961897468905108,2.5,1.5,2.5,1,2.0,0.0,1.0,0.0,0.0,0.0,0.0,0.0,1
606,0.6101126341074339,-0.17213850746268644,-1.0568909942478586,2.5,1.5,2.5,1,2.0,0.0,0.0,0.0,0.0,0.0,0.0,1.0,1
607,0.7451850417479267,-0.18607044776119383,-0.12661325816455563,2.5,1.5,2.5,1,2.0,0.0,0.0,0.0,0.0,0.0,1.0,0.0,1
608,0.7940709184543818,0.05671402985074653,-0.6898295727743842,2.5,1.5,2.6,1,1.5,1.0,0.0,0.0,0.0,0.0,0.0,0.0,0
609,0.596174220943582,0.9004967164179106,-1.1896497070503802,2.5,1.5,2.6,1,1.5,0.0,0.0,1.0,0.0,0.0,0.0,0.0,0
610,0.6427548559915536,0.7850722388059701,-0.3038026209005498,2.5,1.5,2.6,0,2.0,0.0,0.0,0.0,1.0,0.0,0.0,0.0,0
611,0.7359198144741517,0.6139295522388062,0.5632163146098289,2.5,1.5,2.6,1,2.0,0.0,0.0,0.0,0.0,1.0,0.0,0.0,1
612,0.817414717584845,0.5482579104477614,0.06953451157678885,2.5,1.5,2.6,1,2.0,0.0,1.0,0.0,0.0,0.0,0.0,0.0,1
613,0.6195180200740446,0.8786077611940303,-0.3923362445970322,2.5,1.5,2.6,1,1.5,0.0,0.0,0.0,0.0,0.0,0.0,1.0,1
614,0.6264337450494938,0.524377313432836,-0.09493450292695209,2.5,1.5,2.6,1,2.0,0.0,0.0,0.0,0.0,0.0,1.0,0.0,1
615,0.456461822892894,0.8248764179104482,1.0189405985178248,2.5,1.5,2.6,1,1.5,1.0,0.0,0.0,0.0,0.0,0.0,0.0,0
616,0.33771052619446107,-0.3771152238805968,0.4428818203327135,2.5,1.5,2.6,1,2.0,0.0,0.0,1.0,0.0,0.0,0.0,0.0,0
617,0.28876194691489515,-0.5860704477611939,0.7910835447031196,2.5,1.5,2.6,1,2.0,0.0,0.0,0.0,1.0,0.0,0.0,0.0,1
618,0.24685449775700008,-0.5084585074626864,-0.9048828328724327,2.5,1.5,2.6,1,2.0,0.0,0.0,0.0,0.0,1.0,0.0,0.0,1
619,0.30506830431034104,-0.2358232835820893,-0.4999503906418943,2.5,1.5,2.6,1,2.0,0.0,1.0,0.0,0.0,0.0,0.0,0.0,1
620,0.3400452749461729,0.050743880597015185,-0.9998621114251623,2.5,1.5,2.6,1,2.0,0.0,0.0,0.0,0.0,0.0,0.0,1.0,1
621,0.393619091089319,0.2198997014925375,-0.7847131943084074,2.5,1.5,2.6,1,2.0,0.0,0.0,0.0,0.0,0.0,1.0,0.0,1
622,0.3633153063435642,-0.5960191044776117,0.6771906347708174,2.5,1.5,2.6,1,2.0,1.0,0.0,0.0,0.0,0.0,0.0,0.0,0
623,0.2794340170680094,-0.26965253731343264,-0.9239216324786107,2.5,1.5,2.6,1,2.0,0.0,0.0,1.0,0.0,0.0,0.0,0.0,0
624,0.24227352153326248,0.5164155223880597,-0.2974831518987663,2.5,1.5,2.6,1,1.5,0.0,0.0,0.0,1.0,0.0,0.0,0.0,1
625,0.28659686394924805,1.1751235820895525,1.7972529135957624,2.5,1.5,2.6,1,1.5,0.0,0.0,0.0,0.0,1.0,0.0,0.0,1
626,0.1956301839121796,-0.4288549253731342,0.34802872763444764,2.5,1.5,2.6,1,2.0,0.0,1.0,0.0,0.0,0.0,0.0,0.0,1
627,0.16534115271303906,-0.038808358208954966,-0.6391517054170875,2.5,1.5,2.6,1,2.0,0.0,0.0,0.0,0.0,0.0,0.0,1.0,1
628,0.3120614854055152,0.2019892537313435,-0.2721747470558755,2.5,1.5,2.6,1,2.0,0.0,0.0,0.0,0.0,0.0,1.0,0.0,1
629,0.4541270741411824,0.09651820895522437,1.0441675931320293,2.5,1.5,2.6,1,2.0,1.0,0.0,0.0,0.0,0.0,0.0,0.0,0
630,0.11643683407331615,-0.7611964179104475,0.4302835874434897,2.0,1.5,2.6,1,2.0,0.0,0.0,1.0,0.0,0.0,0.0,0.0,0
631,0.0558735252216491,-0.6378101492537313,-0.39250924133299087,2.0,1.5,2.6,1,2.0,0.0,0.0,0.0,1.0,0.0,0.0,0.0,1
632,0.20955384352941744,-0.26965253731343264,0.5632163146098289,2.0,1.5,2.6,1,2.0,0.0,0.0,0.0,0.0,1.0,0.0,0.0,1
633,0.4029507093228584,0.02089313432835847,0.6454304693045277,2.0,1.5,2.6,1,2.0,0.0,1.0,0.0,0.0,0.0,0.0,0.0,1
634,0.4448581584807537,0.3074602985074626,-0.47455039929173104,2.0,1.5,2.6,1,1.5,0.0,0.0,0.0,0.0,0.0,0.0,1.0,1
635,0.36330055279694995,0.3034817910447763,-0.1709207751271399,2.0,1.5,2.6,1,1.5,0.0,0.0,0.0,0.0,0.0,1.0,0.0,1
636,0.1583479716178649,-0.3990041791044775,0.4745096941773878,2.0,1.5,2.6,1,2.0,1.0,0.0,0.0,0.0,0.0,0.0,0.0,0
637,0.11175258302327848,-0.20597253731343257,-0.46828181168287675,2.0,1.5,2.6,1,2.0,0.0,0.0,1.0,0.0,0.0,0.0,0.0,0
638,0.09086524940409524,0.10845850746268705,-0.9176031811046859,2.0,1.5,2.0,1,1.5,0.0,0.0,0.0,1.0,0.0,0.0,0.0,1
639,0.20274508176692177,1.1711450746268661,-0.7784853118138961,2.0,1.5,2.0,1,0.0,0.0,0.0,0.0,0.0,1.0,0.0,0.0,1
640,0.4122454436898622,0.7990041791044779,-1.1644634175505189,2.0,1.5,2.0,1,1.5,0.0,1.0,0.0,0.0,0.0,0.0,0.0,1
641,0.4448581584807537,0.4606973134328363,-0.6454711744188709,2.0,1.5,2.0,1,1.5,0.0,0.0,0.0,0.0,0.0,0.0,1.0,1
642,0.3423652701512702,0.004974328358209155,-0.7594047894655164,2.0,1.5,2.0,1,2.0,0.0,0.0,0.0,0.0,0.0,1.0,0.0,1
643,0.1886849518435019,0.18010029850746317,0.8858450508941129,2.0,1.5,2.0,1,2.0,1.0,0.0,0.0,0.0,0.0,0.0,0.0,0
644,-0.24915605102882946,0.39104238805970143,-0.4051481793365576,2.0,1.5,2.0,1,1.5,0.0,0.0,1.0,0.0,0.0,0.0,0.0,0
645,-0.3679405432071443,0.3970125373134328,0.08857432881082561,2.0,1.5,2.0,0,1.5,0.0,0.0,0.0,1.0,0.0,0.0,0.0,0
646,-0.18166226365509897,0.6457719402985079,0.09489379781260886,2.0,1.5,2.0,1,1.5,0.0,0.0,0.0,0.0,1.0,0.0,0.0,1
647,0.05819352042674642,0.02089313432835847,0.06966680319840429,2.0,1.5,2.0,1,2.0,0.0,1.0,0.0,0.0,0.0,0.0,0.0,1
648,-0.20727810896416263,-0.7791068656716416,0.00631946900178325,2.0,1.5,2.0,1,2.0,0.0,0.0,0.0,0.0,0.0,0.0,1.0,1
649,-0.20025542077575997,-0.4169146268656715,0.5507096682278773,2.0,1.5,2.0,1,2.0,0.0,0.0,0.0,0.0,0.0,1.0,0.0,1
650,-0.3539689345634103,-0.629853134328358,-0.3544703119792608,2.0,1.5,2.0,1,2.0,1.0,0.0,0.0,0.0,0.0,0.0,0.0,0
651,0.0768641336671324,0.06666746268656765,0.9935813122820047,2.0,1.5,2.0,1,2.0,0.0,0.0,1.0,0.0,0.0,0.0,0.0,0
652,0.19100494704859922,0.38706388059701513,1.170902966639615,2.0,1.5,2.0,1,1.5,0.0,0.0,0.0,1.0,0.0,0.0,0.0,1
653,-0.09781048147277267,-0.32537552238805945,0.012679643117910004,2.0,1.5,2.0,1,2.0,0.0,0.0,0.0,0.0,1.0,0.0,0.0,1
654,-0.13741637735883838,0.31741373134328404,-0.8100724805442273,2.0,1.5,2.0,1,2.0,0.0,1.0,0.0,0.0,0.0,0.0,0.0,1
655,0.0931704910625783,0.4865647761194029,0.5694849022186831,2.0,1.5,2.0,1,1.5,0.0,0.0,0.0,0.0,0.0,0.0,1.0,1
656,0.18637971018501884,0.9004967164179106,-0.4683225167972197,2.0,1.5,2.0,1,1.5,0.0,0.0,0.0,0.0,0.0,1.0,0.0,1
657,-0.053564595176512346,-0.2557205970149252,-0.6455627609261432,2.0,1.5,2.0,1,2.0,1.0,0.0,0.0,0.0,0.0,0.0,0.0,0
658,-0.11410208532160432,-0.5562197014925371,-0.15184025277876018,2.0,1.5,2.0,1,2.0,0.0,0.0,1.0,0.0,0.0,0.0,0.0,0
659,-0.01631188997542618,-0.2776143283582087,-1.012455256175093,2.0,1.5,2.0,1,2.0,0.0,0.0,0.0,1.0,0.0,0.0,0.0,1
660,0.15837747871109342,0.07263761194029898,-0.8795276171480471,2.0,1.5,2.0,1,2.0,0.0,0.0,0.0,0.0,1.0,0.0,0.0,1
661,0.2631903622456745,0.04676537313432856,-1.101030602613777,2.0,1.5,2.0,1,2.0,0.0,1.0,0.0,0.0,0.0,0.0,0.0,1
662,0.15610543253249257,0.8308465671641796,-0.5759773679564251,2.0,1.5,2.0,1,1.5,0.0,0.0,0.0,0.0,0.0,0.0,1.0,1
663,0.13051540593000371,0.8626841791044775,-0.49363092164011074,2.0,1.5,2.0,1,1.5,0.0,0.0,0.0,0.0,0.0,1.0,0.0,1
664,0.10242096478973906,0.44676537313432857,0.5568154353793588,2.0,1.5,2.0,1,1.5,1.0,0.0,0.0,0.0,0.0,0.0,0.0,0
665,-0.07226840389678055,0.32537074626865664,2.208588270312488,2.0,1.5,2.0,1,1.5,0.0,0.0,1.0,0.0,0.0,0.0,0.0,0
666,-0.17691162164529714,1.2109444776119405,1.8034909723688597,2.0,1.5,2.0,1,0.0,0.0,0.0,0.0,1.0,0.0,0.0,0.0,1
667,-0.6545244978031048,0.9504310447761198,0.32598690821759946,2.0,1.5,2.0,1,1.5,0.0,0.0,0.0,0.0,1.0,0.0,0.0,1
668,-0.46571229662005476,0.19204059701492585,-0.14560219400566313,2.0,1.5,2.0,1,1.5,0.0,1.0,0.0,0.0,0.0,0.0,0.0,1
669,-0.43309958182916325,-0.21392955223880583,-0.24045528670392877,2.0,1.5,1.7,1,1.5,0.0,0.0,0.0,0.0,0.0,0.0,1.0,1
670,-0.4843681563138265,-0.4985098507462684,0.8670189355103787,2.0,1.5,1.7,1,2.0,0.0,0.0,0.0,0.0,0.0,1.0,0.0,1
671,-0.6031194530122594,-0.6457719402985073,0.911326452472963,2.0,1.5,1.7,1,1.5,1.0,0.0,0.0,0.0,0.0,0.0,0.0,0
672,-0.5821251561801224,-0.44676537313432824,-0.018999112119693524,2.0,1.5,1.7,1,2.0,0.0,0.0,1.0,0.0,0.0,0.0,0.0,0
673,-0.6612889989257574,-0.6318399999999998,0.5632570197241719,2.0,1.5,1.7,1,2.0,0.0,0.0,0.0,1.0,0.0,0.0,0.0,1
674,-0.7590607523386678,-0.28358447761194006,-0.07593539080725883,2.0,1.5,1.7,1,2.0,0.0,0.0,0.0,0.0,1.0,0.0,0.0,1
675,-0.7846802860343851,-0.3771152238805968,1.2530357111056274,2.0,1.5,1.7,1,1.5,0.0,1.0,0.0,0.0,0.0,0.0,0.0,1
676,-0.5365625158485363,-1.3993098507462685,1.698013844827016,2.0,1.5,1.7,1,2.0,0.0,0.0,0.0,0.0,0.0,0.0,1.0,1
677,-0.4866881515189238,-0.4089576119402982,0.3417499637470076,2.0,1.5,1.7,1,2.0,0.0,0.0,0.0,0.0,0.0,1.0,0.0,1
678,-0.3445967440766815,0.09054805970149302,-1.252997041247001,2.0,1.5,1.7,1,2.0,1.0,0.0,0.0,0.0,0.0,0.0,0.0,0
679,-0.24214811638704076,0.1562197014925378,-0.5441764973757921,2.0,1.5,1.7,1,2.0,0.0,0.0,1.0,0.0,0.0,0.0,0.0,0
680,-0.04419240468978358,0.5502495522388064,-0.0758946856929156,2.0,1.5,1.7,0,2.0,0.0,0.0,0.0,1.0,0.0,0.0,0.0,0
681,-0.6054099411241283,0.17413014925373183,1.639103368093805,2.0,1.5,1.7,1,1.5,0.0,0.0,0.0,0.0,1.0,0.0,0.0,1
682,-0.759075505885282,-0.35522626865671614,0.18978759562521771,2.0,1.5,1.7,1,2.0,0.0,1.0,0.0,0.0,0.0,0.0,0.0,1
683,-0.6007367552340513,-0.02885492537313419,-0.28481368505944227,2.0,1.5,1.7,1,1.5,0.0,0.0,0.0,0.0,0.0,0.0,1.0,1
684,-0.5169661175581037,-0.4865695522388057,-0.10125397192873561,2.0,1.5,1.7,1,2.0,0.0,0.0,0.0,0.0,0.0,1.0,0.0,1
685,-0.593762016072145,-0.3870638805970148,-0.012679643117910004,2.0,1.5,1.7,1,2.0,1.0,0.0,0.0,0.0,0.0,0.0,0.0,0
686,-0.5518508785275962,0.31741373134328404,0.47459110440607427,2.0,1.5,1.7,1,2.0,0.0,0.0,1.0,0.0,0.0,0.0,0.0,0
687,-0.4121532340235227,-0.01492776119402959,0.5504552612632324,2.0,1.5,1.7,1,1.5,0.0,0.0,0.0,1.0,0.0,0.0,0.0,1
688,-0.393541634969594,0.27960119402985095,-0.999819371055102,2.0,1.5,1.7,1,1.5,0.0,0.0,0.0,0.0,1.0,0.0,0.0,1
689,-0.45172593442970643,-0.060697313432835624,-0.7909919581958476,2.0,1.5,1.7,1,2.0,0.0,1.0,0.0,0.0,0.0,0.0,0.0,1
690,-0.5052849970262382,-0.21989970149253718,-1.3036240272113688,2.0,1.5,1.7,0,2.0,0.0,0.0,0.0,0.0,0.0,0.0,1.0,0
691,-0.40050530897153963,-0.275622686567164,-0.3353490845165376,2.0,1.5,1.7,1,2.0,0.0,0.0,0.0,0.0,0.0,1.0,0.0,1
692,-0.8801320442421982,-1.0597038805970147,1.9934922698443793,2.0,1.5,1.7,1,2.0,1.0,0.0,0.0,0.0,0.0,0.0,0.0,0
693,-0.8475230178379601,-0.7552262686567162,-0.31012208990233303,2.0,1.5,1.7,1,2.0,0.0,0.0,1.0,0.0,0.0,0.0,0.0,0
694,-0.5472108881174015,-0.43482507462686554,-1.3669286210379294,2.0,1.5,1.7,1,2.0,0.0,0.0,0.0,1.0,0.0,0.0,0.0,1
695,-0.75909394781855,0.7651749253731348,0.5758450763348096,2.0,1.5,1.7,1,1.5,0.0,0.0,0.0,0.0,1.0,0.0,0.0,1
696,-0.728834423712638,-0.5741301492537312,0.30372121067186336,2.0,1.5,1.7,1,2.0,0.0,1.0,0.0,0.0,0.0,0.0,0.0,1
697,-0.6968929952926968,-0.3381802985074626,-0.6660679622765353,2.0,1.5,1.7,1,2.0,0.0,0.0,0.0,0.0,0.0,0.0,1.0,1
698,-0.6030419968925345,0.11044537313432828,-1.2466368671308745,2.0,1.5,1.7,1,2.0,0.0,0.0,0.0,0.0,0.0,1.0,0.0,1
699,-0.6287242331613624,0.8606973134328363,-1.2340854451231458,2.0,1.5,1.2,1,1.5,1.0,0.0,0.0,0.0,0.0,0.0,0.0,0
700,-0.4726907241686147,0.940296119402985,-0.5759366628420821,2.0,1.5,1.2,1,1.5,0.0,0.0,1.0,0.0,0.0,0.0,0.0,0
701,-0.11643683407331588,0.6736310447761196,-0.9998621114251623,2.0,1.5,1.2,1,2.0,0.0,0.0,0.0,1.0,0.0,0.0,0.0,1
702,-0.06753620382024642,0.5124370149253733,-0.06966680319840429,2.0,1.5,1.2,1,2.0,0.0,0.0,0.0,0.0,1.0,0.0,0.0,1
703,-0.21891496885618514,-0.675622686567164,1.4556759465847136,2.0,1.5,1.2,1,2.0,0.0,1.0,0.0,0.0,0.0,0.0,0.0,1
704,-0.8452325297260914,-0.5621898507462685,-0.06330662908227781,2.0,1.5,1.2,1,2.0,0.0,0.0,0.0,0.0,0.0,0.0,1.0,1
705,-0.6100831270142051,0.6577122388059706,-0.5126300337598043,2.0,1.5,1.2,1,1.5,0.0,0.0,0.0,0.0,0.0,1.0,0.0,1
706,-0.3609326085653559,1.360198208955224,-0.809991070315541,2.0,1.5,1.2,1,1.5,1.0,0.0,0.0,0.0,0.0,0.0,0.0,0
707,-0.3585794178803764,1.3323391044776125,-0.23405440747345904,2.0,1.5,1.2,1,1.5,0.0,0.0,1.0,0.0,0.0,0.0,0.0,0
708,-0.19101970059521348,1.4258698507462688,0.09497520804129533,2.0,1.5,1.2,1,1.5,0.0,0.0,0.0,1.0,0.0,0.0,0.0,1
709,-0.5495751439623416,-0.14228776119402972,1.170902966639615,2.0,1.5,1.2,1,1.5,0.0,0.0,0.0,0.0,1.0,0.0,0.0,1
710,-0.7008912064251698,-0.4208979104477609,-0.18355971313070668,2.0,1.5,1.2,1,1.5,0.0,1.0,0.0,0.0,0.0,0.0,0.0,1
711,-0.7125096243839243,-0.6716441791044774,-0.06966680319840429,2.0,1.5,1.2,1,2.0,0.0,0.0,0.0,0.0,0.0,0.0,1.0,1
712,-0.71249487083731,0.07860776119403033,-0.5062291545293343,2.0,1.5,1.2,1,2.0,0.0,0.0,0.0,0.0,0.0,1.0,0.0,1
713,-0.5495013762292703,0.11442865671641839,-0.7594047894655164,2.0,1.5,1.2,1,2.0,1.0,0.0,0.0,0.0,0.0,0.0,0.0,0
714,-0.4331143353757775,1.013929552238806,-0.8164733597746971,2.0,1.5,1.2,1,1.5,0.0,0.0,1.0,0.0,0.0,0.0,0.0,0
715,-0.31670147581570984,1.340296119402985,-0.841748182898255,2.0,1.5,1.2,1,1.5,0.0,0.0,0.0,1.0,0.0,0.0,0.0,1
716,-0.28642719816318357,0.1900489552238808,0.4114167669454119,2.0,1.5,1.2,1,2.0,0.0,0.0,0.0,0.0,1.0,0.0,0.0,1
717,-0.5355629630654182,-0.004974328358208816,0.03171946035194649,2.0,1.5,1.2,1,2.0,0.0,1.0,0.0,0.0,0.0,0.0,0.0,1
718,-0.5611788083744819,0.1980107462686572,-0.493671626754454,2.0,1.5,1.2,1,1.5,0.0,0.0,0.0,0.0,0.0,0.0,1.0,1
719,-0.6845553419364954,-0.3333325373134327,1.9681736887229022,0.0,1.5,1.2,1,1.5,0.0,0.0,0.0,0.0,0.0,1.0,0.0,1
720,-0.9267126792901702,-0.884577910447761,2.3036143597467125,0.0,1.5,1.2,1,2.0,1.0,0.0,0.0,0.0,0.0,0.0,0.0,0
721,-0.8405593438360145,-0.5303474626865671,-0.4873623340312565,0.0,1.5,1.2,1,2.0,0.0,0.0,1.0,0.0,0.0,0.0,0.0,0
722,-0.8426654126152046,0.7873217910447761,-1.055733951372653,0.0,1.5,1.2,1,1.5,0.0,0.0,0.0,1.0,0.0,0.0,0.0,1
723,-0.7114879412808846,0.5173707462686571,-0.12464923639749573,0.0,1.5,1.2,0,1.5,0.0,0.0,0.0,0.0,1.0,0.0,0.0,0
724,-0.9849154206835504,0.940296119402985,1.3796082641558394,0.0,1.5,1.2,1,0.0,0.0,1.0,0.0,0.0,0.0,0.0,0.0,1
725,-0.9616453892861591,0.12636895522388109,1.7213989330171904,0.0,1.5,1.2,1,1.5,0.0,0.0,0.0,0.0,0.0,0.0,1.0,1
726,-0.8568804547780746,-0.17413014925373113,-0.2595358090523088,0.0,1.5,1.2,1,1.5,0.0,0.0,0.0,0.0,0.0,1.0,0.0,1
727,-0.9035237923991575,0.6039808955223885,-0.5758959577277388,0.0,1.5,1.2,1,1.5,1.0,0.0,0.0,0.0,0.0,0.0,0.0,0
728,-0.9429895295923874,-0.6835844776119401,1.7277184020189735,0.0,1.5,1.2,1,2.0,0.0,0.0,1.0,0.0,0.0,0.0,0.0,0
729,-0.9732822491781815,-0.23383164179104457,-0.2658959831684352,0.0,1.5,1.2,1,1.5,0.0,0.0,0.0,1.0,0.0,0.0,0.0,1
